2000-01-03;0.06580
2000-01-04;0.06490
2000-01-05;0.06620
2000-01-06;0.06570
2000-01-07;0.06520
2000-01-10;0.06570
2000-01-11;0.06670
2000-01-12;0.06720
2000-01-13;0.06630
2000-01-14;0.06690
2000-01-18;0.06750
2000-01-19;0.06730
2000-01-20;0.06790
2000-01-21;0.06790
2000-01-24;0.06690
2000-01-25;0.06700
2000-01-26;0.06690
2000-01-27;0.06680
2000-01-28;0.06660
2000-01-31;0.06680
2000-02-01;0.06620
2000-02-02;0.06600
2000-02-03;0.06490
2000-02-04;0.06530
2000-02-07;0.06640
2000-02-08;0.06590
2000-02-09;0.06560
2000-02-10;0.06670
2000-02-11;0.06630
2000-02-14;0.06560
2000-02-15;0.06560
2000-02-16;0.06560
2000-02-17;0.06580
2000-02-18;0.06490
2000-02-22;0.06360
2000-02-23;0.06440
2000-02-24;0.06360
2000-02-25;0.06360
2000-02-28;0.06370
2000-02-29;0.06420
2000-03-01;0.06390
2000-03-02;0.06400
2000-03-03;0.06390
2000-03-06;0.06420
2000-03-07;0.06390
2000-03-08;0.06380
2000-03-09;0.06350
2000-03-10;0.06390
2000-03-13;0.06360
2000-03-14;0.06310
2000-03-15;0.06290
2000-03-16;0.06260
2000-03-17;0.06200
2000-03-20;0.06180
2000-03-21;0.06130
2000-03-22;0.06130
2000-03-23;0.06080
2000-03-24;0.06200
2000-03-27;0.06210
2000-03-28;0.06170
2000-03-29;0.06180
2000-03-30;0.06060
2000-03-31;0.06030
2000-04-03;0.06000
2000-04-04;0.05900
2000-04-05;0.05900
2000-04-06;0.05930
2000-04-07;0.05860
2000-04-10;0.05800
2000-04-11;0.05890
2000-04-12;0.05970
2000-04-13;0.05940
2000-04-14;0.05850
2000-04-17;0.06010
2000-04-18;0.06050
2000-04-19;0.05990
2000-04-20;0.05990
2000-04-24;0.06000
2000-04-25;0.06140
2000-04-26;0.06140
2000-04-27;0.06230
2000-04-28;0.06230
2000-05-01;0.06290
2000-05-02;0.06320
2000-05-03;0.06400
2000-05-04;0.06460
2000-05-05;0.06510
2000-05-08;0.06570
2000-05-09;0.06530
2000-05-10;0.06470
2000-05-11;0.06430
2000-05-12;0.06510
2000-05-15;0.06470
2000-05-16;0.06430
2000-05-17;0.06480
2000-05-18;0.06560
2000-05-19;0.06510
2000-05-22;0.06440
2000-05-23;0.06450
2000-05-24;0.06470
2000-05-25;0.06390
2000-05-26;0.06330
2000-05-30;0.06380
2000-05-31;0.06290
2000-06-01;0.06200
2000-06-02;0.06150
2000-06-05;0.06120
2000-06-06;0.06140
2000-06-07;0.06130
2000-06-08;0.06130
2000-06-09;0.06130
2000-06-12;0.06090
2000-06-13;0.06110
2000-06-14;0.06060
2000-06-15;0.06050
2000-06-16;0.05990
2000-06-19;0.06000
2000-06-20;0.06030
2000-06-21;0.06110
2000-06-22;0.06120
2000-06-23;0.06190
2000-06-26;0.06110
2000-06-27;0.06100
2000-06-28;0.06110
2000-06-29;0.06040
2000-06-30;0.06030
2000-07-03;0.06000
2000-07-05;0.05990
2000-07-06;0.06050
2000-07-07;0.06010
2000-07-10;0.06040
2000-07-11;0.06060
2000-07-12;0.06090
2000-07-13;0.06010
2000-07-14;0.06100
2000-07-17;0.06170
2000-07-18;0.06160
2000-07-19;0.06160
2000-07-20;0.06010
2000-07-21;0.06010
2000-07-24;0.06040
2000-07-25;0.06040
2000-07-26;0.06040
2000-07-27;0.06020
2000-07-28;0.06040
2000-07-31;0.06040
2000-08-01;0.06000
2000-08-02;0.05980
2000-08-03;0.05950
2000-08-04;0.05910
2000-08-07;0.05970
2000-08-08;0.05930
2000-08-09;0.05810
2000-08-10;0.05760
2000-08-11;0.05790
2000-08-14;0.05780
2000-08-15;0.05810
2000-08-16;0.05830
2000-08-17;0.05810
2000-08-18;0.05780
2000-08-21;0.05790
2000-08-22;0.05780
2000-08-23;0.05730
2000-08-24;0.05730
2000-08-25;0.05730
2000-08-28;0.05780
2000-08-29;0.05810
2000-08-30;0.05810
2000-08-31;0.05730
2000-09-01;0.05680
2000-09-05;0.05690
2000-09-06;0.05720
2000-09-07;0.05760
2000-09-08;0.05730
2000-09-11;0.05770
2000-09-12;0.05780
2000-09-13;0.05740
2000-09-14;0.05790
2000-09-15;0.05840
2000-09-18;0.05880
2000-09-19;0.05860
2000-09-20;0.05910
2000-09-21;0.05880
2000-09-22;0.05850
2000-09-25;0.05840
2000-09-26;0.05810
2000-09-27;0.05830
2000-09-28;0.05820
2000-09-29;0.05800
2000-10-02;0.05830
2000-10-03;0.05870
2000-10-04;0.05900
2000-10-05;0.05870
2000-10-06;0.05820
2000-10-10;0.05800
2000-10-11;0.05770
2000-10-12;0.05730
2000-10-13;0.05730
2000-10-16;0.05740
2000-10-17;0.05680
2000-10-18;0.05660
2000-10-19;0.05660
2000-10-20;0.05640
2000-10-23;0.05590
2000-10-24;0.05630
2000-10-25;0.05670
2000-10-26;0.05690
2000-10-27;0.05720
2000-10-30;0.05740
2000-10-31;0.05770
2000-11-01;0.05740
2000-11-02;0.05740
2000-11-03;0.05830
2000-11-06;0.05870
2000-11-07;0.05870
2000-11-08;0.05870
2000-11-09;0.05820
2000-11-10;0.05820
2000-11-13;0.05770
2000-11-14;0.05760
2000-11-15;0.05720
2000-11-16;0.05680
2000-11-17;0.05710
2000-11-20;0.05680
2000-11-21;0.05670
2000-11-22;0.05620
2000-11-24;0.05630
2000-11-27;0.05640
2000-11-28;0.05590
2000-11-29;0.05550
2000-11-30;0.05480
2000-12-01;0.05520
2000-12-04;0.05530
2000-12-05;0.05430
2000-12-06;0.05320
2000-12-07;0.05320
2000-12-08;0.05350
2000-12-11;0.05370
2000-12-12;0.05360
2000-12-13;0.05290
2000-12-14;0.05230
2000-12-15;0.05200
2000-12-18;0.05170
2000-12-19;0.05190
2000-12-20;0.05080
2000-12-21;0.05030
2000-12-22;0.05020
2000-12-26;0.05040
2000-12-27;0.05110
2000-12-28;0.05130
2000-12-29;0.05120
2001-01-02;0.04920
2001-01-03;0.05140
2001-01-04;0.05030
2001-01-05;0.04930
2001-01-08;0.04940
2001-01-09;0.04980
2001-01-10;0.05100
2001-01-11;0.05140
2001-01-12;0.05250
2001-01-16;0.05240
2001-01-17;0.05190
2001-01-18;0.05120
2001-01-19;0.05190
2001-01-22;0.05250
2001-01-23;0.05300
2001-01-24;0.05330
2001-01-25;0.05290
2001-01-26;0.05290
2001-01-29;0.05320
2001-01-30;0.05240
2001-01-31;0.05190
2001-02-01;0.05100
2001-02-02;0.05170
2001-02-05;0.05180
2001-02-06;0.05220
2001-02-07;0.05100
2001-02-08;0.05100
2001-02-09;0.05030
2001-02-12;0.05050
2001-02-13;0.05070
2001-02-14;0.05130
2001-02-15;0.05190
2001-02-16;0.05110
2001-02-20;0.05110
2001-02-21;0.05140
2001-02-22;0.05150
2001-02-23;0.05100
2001-02-26;0.05050
2001-02-27;0.04960
2001-02-28;0.04920
2001-03-01;0.04870
2001-03-02;0.04950
2001-03-05;0.04980
2001-03-06;0.04990
2001-03-07;0.04920
2001-03-08;0.04890
2001-03-09;0.04950
2001-03-12;0.04920
2001-03-13;0.04950
2001-03-14;0.04840
2001-03-15;0.04810
2001-03-16;0.04780
2001-03-19;0.04820
2001-03-20;0.04780
2001-03-21;0.04770
2001-03-22;0.04730
2001-03-23;0.04800
2001-03-26;0.04850
2001-03-27;0.05000
2001-03-28;0.04970
2001-03-29;0.04980
2001-03-30;0.04930
2001-04-02;0.04980
2001-04-03;0.04940
2001-04-04;0.04940
2001-04-05;0.04980
2001-04-06;0.04890
2001-04-09;0.04930
2001-04-10;0.05090
2001-04-11;0.05120
2001-04-12;0.05170
2001-04-16;0.05280
2001-04-17;0.05210
2001-04-18;0.05140
2001-04-19;0.05270
2001-04-20;0.05290
2001-04-23;0.05200
2001-04-24;0.05220
2001-04-25;0.05280
2001-04-26;0.05200
2001-04-27;0.05340
2001-04-30;0.05350
2001-05-01;0.05300
2001-05-02;0.05310
2001-05-03;0.05220
2001-05-04;0.05210
2001-05-07;0.05210
2001-05-08;0.05240
2001-05-09;0.05200
2001-05-10;0.05310
2001-05-11;0.05510
2001-05-14;0.05460
2001-05-15;0.05500
2001-05-16;0.05480
2001-05-17;0.05460
2001-05-18;0.05410
2001-05-21;0.05410
2001-05-22;0.05420
2001-05-23;0.05410
2001-05-24;0.05520
2001-05-25;0.05520
2001-05-29;0.05540
2001-05-30;0.05540
2001-05-31;0.05430
2001-06-01;0.05390
2001-06-04;0.05350
2001-06-05;0.05290
2001-06-06;0.05270
2001-06-07;0.05330
2001-06-08;0.05380
2001-06-11;0.05320
2001-06-12;0.05270
2001-06-13;0.05280
2001-06-14;0.05260
2001-06-15;0.05270
2001-06-18;0.05270
2001-06-19;0.05260
2001-06-20;0.05240
2001-06-21;0.05220
2001-06-22;0.05140
2001-06-25;0.05160
2001-06-26;0.05240
2001-06-27;0.05260
2001-06-28;0.05350
2001-06-29;0.05420
2001-07-02;0.05370
2001-07-03;0.05410
2001-07-05;0.05440
2001-07-06;0.05410
2001-07-09;0.05370
2001-07-10;0.05320
2001-07-11;0.05310
2001-07-12;0.05270
2001-07-13;0.05270
2001-07-16;0.05210
2001-07-17;0.05220
2001-07-18;0.05120
2001-07-19;0.05130
2001-07-20;0.05150
2001-07-23;0.05130
2001-07-24;0.05130
2001-07-25;0.05200
2001-07-26;0.05190
2001-07-27;0.05130
2001-07-30;0.05110
2001-07-31;0.05070
2001-08-01;0.05110
2001-08-02;0.05170
2001-08-03;0.05200
2001-08-06;0.05190
2001-08-07;0.05200
2001-08-08;0.04990
2001-08-09;0.05040
2001-08-10;0.04990
2001-08-13;0.04970
2001-08-14;0.04970
2001-08-15;0.05000
2001-08-16;0.04950
2001-08-17;0.04840
2001-08-20;0.04910
2001-08-21;0.04870
2001-08-22;0.04910
2001-08-23;0.04890
2001-08-24;0.04930
2001-08-27;0.04940
2001-08-28;0.04850
2001-08-29;0.04780
2001-08-30;0.04790
2001-08-31;0.04850
2001-09-04;0.04990
2001-09-05;0.04970
2001-09-06;0.04860
2001-09-07;0.04800
2001-09-10;0.04840
2001-09-13;0.04640
2001-09-14;0.04570
2001-09-17;0.04630
2001-09-18;0.04720
2001-09-19;0.04690
2001-09-20;0.04750
2001-09-21;0.04700
2001-09-24;0.04730
2001-09-25;0.04720
2001-09-26;0.04650
2001-09-27;0.04580
2001-09-28;0.04600
2001-10-01;0.04550
2001-10-02;0.04530
2001-10-03;0.04500
2001-10-04;0.04530
2001-10-05;0.04520
2001-10-09;0.04620
2001-10-10;0.04610
2001-10-11;0.04690
2001-10-12;0.04680
2001-10-15;0.04620
2001-10-16;0.04590
2001-10-17;0.04590
2001-10-18;0.04580
2001-10-19;0.04630
2001-10-22;0.04630
2001-10-23;0.04660
2001-10-24;0.04610
2001-10-25;0.04560
2001-10-26;0.04530
2001-10-29;0.04500
2001-10-30;0.04440
2001-10-31;0.04300
2001-11-01;0.04240
2001-11-02;0.04370
2001-11-05;0.04310
2001-11-06;0.04300
2001-11-07;0.04220
2001-11-08;0.04320
2001-11-09;0.04340
2001-11-13;0.04410
2001-11-14;0.04540
2001-11-15;0.04790
2001-11-16;0.04910
2001-11-19;0.04800
2001-11-20;0.04880
2001-11-21;0.04980
2001-11-23;0.05040
2001-11-26;0.05050
2001-11-27;0.04980
2001-11-28;0.04980
2001-11-29;0.04790
2001-11-30;0.04780
2001-12-03;0.04750
2001-12-04;0.04700
2001-12-05;0.04920
2001-12-06;0.05040
2001-12-07;0.05200
2001-12-10;0.05170
2001-12-11;0.05130
2001-12-12;0.05020
2001-12-13;0.05130
2001-12-14;0.05240
2001-12-17;0.05260
2001-12-18;0.05160
2001-12-19;0.05080
2001-12-20;0.05080
2001-12-21;0.05120
2001-12-24;0.05180
2001-12-26;0.05220
2001-12-27;0.05130
2001-12-28;0.05150
2001-12-31;0.05070
2002-01-02;0.05200
2002-01-03;0.05160
2002-01-04;0.05180
2002-01-07;0.05090
2002-01-08;0.05100
2002-01-09;0.05100
2002-01-10;0.05000
2002-01-11;0.04920
2002-01-14;0.04910
2002-01-15;0.04880
2002-01-16;0.04880
2002-01-17;0.04980
2002-01-18;0.04940
2002-01-22;0.04960
2002-01-23;0.05050
2002-01-24;0.05070
2002-01-25;0.05100
2002-01-28;0.05120
2002-01-29;0.05020
2002-01-30;0.05020
2002-01-31;0.05070
2002-02-01;0.05020
2002-02-04;0.04940
2002-02-05;0.04920
2002-02-06;0.04920
2002-02-07;0.04930
2002-02-08;0.04900
2002-02-11;0.04910
2002-02-12;0.04970
2002-02-13;0.05010
2002-02-14;0.04950
2002-02-15;0.04860
2002-02-19;0.04880
2002-02-20;0.04880
2002-02-21;0.04880
2002-02-22;0.04840
2002-02-25;0.04860
2002-02-26;0.04930
2002-02-27;0.04840
2002-02-28;0.04880
2002-03-01;0.04980
2002-03-04;0.05020
2002-03-05;0.05020
2002-03-06;0.05060
2002-03-07;0.05220
2002-03-08;0.05330
2002-03-11;0.05330
2002-03-12;0.05320
2002-03-13;0.05280
2002-03-14;0.05400
2002-03-15;0.05350
2002-03-18;0.05320
2002-03-19;0.05330
2002-03-20;0.05400
2002-03-21;0.05390
2002-03-22;0.05400
2002-03-25;0.05410
2002-03-26;0.05350
2002-03-27;0.05350
2002-03-28;0.05420
2002-04-01;0.05440
2002-04-02;0.05360
2002-04-03;0.05300
2002-04-04;0.05280
2002-04-05;0.05220
2002-04-08;0.05250
2002-04-09;0.05220
2002-04-10;0.05240
2002-04-11;0.05220
2002-04-12;0.05180
2002-04-15;0.05150
2002-04-16;0.05200
2002-04-17;0.05240
2002-04-18;0.05230
2002-04-19;0.05210
2002-04-22;0.05190
2002-04-23;0.05180
2002-04-24;0.05110
2002-04-25;0.05100
2002-04-26;0.05080
2002-04-29;0.05130
2002-04-30;0.05110
2002-05-01;0.05080
2002-05-02;0.05130
2002-05-03;0.05080
2002-05-06;0.05100
2002-05-07;0.05090
2002-05-08;0.05240
2002-05-09;0.05200
2002-05-10;0.05150
2002-05-13;0.05230
2002-05-14;0.05320
2002-05-15;0.05280
2002-05-16;0.05200
2002-05-17;0.05270
2002-05-20;0.05210
2002-05-21;0.05180
2002-05-22;0.05130
2002-05-23;0.05160
2002-05-24;0.05160
2002-05-28;0.05160
2002-05-29;0.05110
2002-05-30;0.05060
2002-05-31;0.05080
2002-06-03;0.05060
2002-06-04;0.05040
2002-06-05;0.05080
2002-06-06;0.05040
2002-06-07;0.05100
2002-06-10;0.05070
2002-06-11;0.05020
2002-06-12;0.04980
2002-06-13;0.04940
2002-06-14;0.04830
2002-06-17;0.04890
2002-06-18;0.04880
2002-06-19;0.04760
2002-06-20;0.04850
2002-06-21;0.04790
2002-06-24;0.04870
2002-06-25;0.04880
2002-06-26;0.04750
2002-06-27;0.04840
2002-06-28;0.04860
2002-07-01;0.04850
2002-07-02;0.04770
2002-07-03;0.04780
2002-07-05;0.04900
2002-07-08;0.04840
2002-07-09;0.04780
2002-07-10;0.04660
2002-07-11;0.04660
2002-07-12;0.04630
2002-07-15;0.04660
2002-07-16;0.04750
2002-07-17;0.04710
2002-07-18;0.04660
2002-07-19;0.04610
2002-07-22;0.04510
2002-07-23;0.04470
2002-07-24;0.04490
2002-07-25;0.04430
2002-07-26;0.04430
2002-07-29;0.04620
2002-07-30;0.04650
2002-07-31;0.04510
2002-08-01;0.04470
2002-08-02;0.04330
2002-08-05;0.04290
2002-08-06;0.04420
2002-08-07;0.04350
2002-08-08;0.04400
2002-08-09;0.04270
2002-08-12;0.04220
2002-08-13;0.04120
2002-08-14;0.04060
2002-08-15;0.04170
2002-08-16;0.04320
2002-08-19;0.04290
2002-08-20;0.04170
2002-08-21;0.04200
2002-08-22;0.04300
2002-08-23;0.04250
2002-08-26;0.04220
2002-08-27;0.04290
2002-08-28;0.04220
2002-08-29;0.04160
2002-08-30;0.04140
2002-09-03;0.03980
2002-09-04;0.03960
2002-09-05;0.03910
2002-09-06;0.04050
2002-09-09;0.04050
2002-09-10;0.04000
2002-09-11;0.04070
2002-09-12;0.03980
2002-09-13;0.03920
2002-09-16;0.03900
2002-09-17;0.03870
2002-09-18;0.03860
2002-09-19;0.03790
2002-09-20;0.03790
2002-09-23;0.03700
2002-09-24;0.03690
2002-09-25;0.03770
2002-09-26;0.03790
2002-09-27;0.03690
2002-09-30;0.03630
2002-10-01;0.03720
2002-10-02;0.03710
2002-10-03;0.03700
2002-10-04;0.03690
2002-10-07;0.03640
2002-10-08;0.03650
2002-10-09;0.03610
2002-10-10;0.03680
2002-10-11;0.03830
2002-10-15;0.04070
2002-10-16;0.04060
2002-10-17;0.04160
2002-10-18;0.04140
2002-10-21;0.04240
2002-10-22;0.04270
2002-10-23;0.04260
2002-10-24;0.04160
2002-10-25;0.04120
2002-10-28;0.04100
2002-10-29;0.03970
2002-10-30;0.03990
2002-10-31;0.03930
2002-11-01;0.04010
2002-11-04;0.04070
2002-11-05;0.04100
2002-11-06;0.04090
2002-11-07;0.03880
2002-11-08;0.03850
2002-11-12;0.03840
2002-11-13;0.03840
2002-11-14;0.04030
2002-11-15;0.04050
2002-11-18;0.04020
2002-11-19;0.03990
2002-11-20;0.04080
2002-11-21;0.04140
2002-11-22;0.04180
2002-11-25;0.04190
2002-11-26;0.04080
2002-11-27;0.04260
2002-11-29;0.04220
2002-12-02;0.04220
2002-12-03;0.04240
2002-12-04;0.04180
2002-12-05;0.04130
2002-12-06;0.04090
2002-12-09;0.04060
2002-12-10;0.04060
2002-12-11;0.04010
2002-12-12;0.04010
2002-12-13;0.04070
2002-12-16;0.04150
2002-12-17;0.04130
2002-12-18;0.04060
2002-12-19;0.03960
2002-12-20;0.03970
2002-12-23;0.03980
2002-12-24;0.03950
2002-12-26;0.03930
2002-12-27;0.03830
2002-12-30;0.03820
2002-12-31;0.03830
2003-01-02;0.04070
2003-01-03;0.04050
2003-01-06;0.04090
2003-01-07;0.04040
2003-01-08;0.04000
2003-01-09;0.04190
2003-01-10;0.04160
2003-01-13;0.04150
2003-01-14;0.04100
2003-01-15;0.04100
2003-01-16;0.04100
2003-01-17;0.04050
2003-01-21;0.04010
2003-01-22;0.03950
2003-01-23;0.03980
2003-01-24;0.03940
2003-01-27;0.03980
2003-01-28;0.04000
2003-01-29;0.04060
2003-01-30;0.04000
2003-01-31;0.04000
2003-02-03;0.04010
2003-02-04;0.03960
2003-02-05;0.04020
2003-02-06;0.03970
2003-02-07;0.03960
2003-02-10;0.03990
2003-02-11;0.03980
2003-02-12;0.03930
2003-02-13;0.03890
2003-02-14;0.03950
2003-02-18;0.03940
2003-02-19;0.03880
2003-02-20;0.03850
2003-02-21;0.03900
2003-02-24;0.03860
2003-02-25;0.03810
2003-02-26;0.03780
2003-02-27;0.03760
2003-02-28;0.03710
2003-03-03;0.03680
2003-03-04;0.03650
2003-03-05;0.03630
2003-03-06;0.03670
2003-03-07;0.03630
2003-03-10;0.03590
2003-03-11;0.03600
2003-03-12;0.03600
2003-03-13;0.03740
2003-03-14;0.03720
2003-03-17;0.03820
2003-03-18;0.03910
2003-03-19;0.03980
2003-03-20;0.04010
2003-03-21;0.04110
2003-03-24;0.03980
2003-03-25;0.03970
2003-03-26;0.03960
2003-03-27;0.03950
2003-03-28;0.03920
2003-03-31;0.03830
2003-04-01;0.03840
2003-04-02;0.03940
2003-04-03;0.03930
2003-04-04;0.03960
2003-04-07;0.04030
2003-04-08;0.03950
2003-04-09;0.03930
2003-04-10;0.03950
2003-04-11;0.04000
2003-04-14;0.04040
2003-04-15;0.03980
2003-04-16;0.03960
2003-04-17;0.03980
2003-04-21;0.04000
2003-04-22;0.04010
2003-04-23;0.04020
2003-04-24;0.03930
2003-04-25;0.03910
2003-04-28;0.03920
2003-04-29;0.03960
2003-04-30;0.03890
2003-05-01;0.03880
2003-05-02;0.03940
2003-05-05;0.03920
2003-05-06;0.03840
2003-05-07;0.03720
2003-05-08;0.03700
2003-05-09;0.03690
2003-05-12;0.03640
2003-05-13;0.03630
2003-05-14;0.03530
2003-05-15;0.03530
2003-05-16;0.03460
2003-05-19;0.03460
2003-05-20;0.03380
2003-05-21;0.03390
2003-05-22;0.03340
2003-05-23;0.03340
2003-05-27;0.03410
2003-05-28;0.03440
2003-05-29;0.03340
2003-05-30;0.03370
2003-06-02;0.03430
2003-06-03;0.03340
2003-06-04;0.03300
2003-06-05;0.03340
2003-06-06;0.03370
2003-06-09;0.03290
2003-06-10;0.03200
2003-06-11;0.03210
2003-06-12;0.03180
2003-06-13;0.03130
2003-06-16;0.03180
2003-06-17;0.03270
2003-06-18;0.03370
2003-06-19;0.03350
2003-06-20;0.03400
2003-06-23;0.03320
2003-06-24;0.03290
2003-06-25;0.03380
2003-06-26;0.03550
2003-06-27;0.03580
2003-06-30;0.03540
2003-07-01;0.03560
2003-07-02;0.03560
2003-07-03;0.03670
2003-07-07;0.03740
2003-07-08;0.03750
2003-07-09;0.03730
2003-07-10;0.03700
2003-07-11;0.03660
2003-07-14;0.03740
2003-07-15;0.03940
2003-07-16;0.03970
2003-07-17;0.03980
2003-07-18;0.04000
2003-07-21;0.04190
2003-07-22;0.04170
2003-07-23;0.04120
2003-07-24;0.04200
2003-07-25;0.04220
2003-07-28;0.04310
2003-07-29;0.04420
2003-07-30;0.04340
2003-07-31;0.04490
2003-08-01;0.04440
2003-08-04;0.04350
2003-08-05;0.04470
2003-08-06;0.04320
2003-08-07;0.04300
2003-08-08;0.04270
2003-08-11;0.04380
2003-08-12;0.04370
2003-08-13;0.04580
2003-08-14;0.04550
2003-08-15;0.04550
2003-08-18;0.04490
2003-08-19;0.04380
2003-08-20;0.04450
2003-08-21;0.04530
2003-08-22;0.04480
2003-08-25;0.04530
2003-08-26;0.04500
2003-08-27;0.04540
2003-08-28;0.04420
2003-08-29;0.04450
2003-09-02;0.04610
2003-09-03;0.04600
2003-09-04;0.04520
2003-09-05;0.04350
2003-09-08;0.04410
2003-09-09;0.04370
2003-09-10;0.04280
2003-09-11;0.04350
2003-09-12;0.04270
2003-09-15;0.04280
2003-09-16;0.04290
2003-09-17;0.04200
2003-09-18;0.04190
2003-09-19;0.04170
2003-09-22;0.04260
2003-09-23;0.04240
2003-09-24;0.04160
2003-09-25;0.04120
2003-09-26;0.04040
2003-09-29;0.04090
2003-09-30;0.03960
2003-10-01;0.03960
2003-10-02;0.04030
2003-10-03;0.04210
2003-10-06;0.04170
2003-10-07;0.04270
2003-10-08;0.04270
2003-10-09;0.04320
2003-10-10;0.04290
2003-10-14;0.04370
2003-10-15;0.04430
2003-10-16;0.04470
2003-10-17;0.04410
2003-10-20;0.04410
2003-10-21;0.04380
2003-10-22;0.04290
2003-10-23;0.04340
2003-10-24;0.04240
2003-10-27;0.04300
2003-10-28;0.04230
2003-10-29;0.04310
2003-10-30;0.04360
2003-10-31;0.04330
2003-11-03;0.04400
2003-11-04;0.04330
2003-11-05;0.04380
2003-11-06;0.04450
2003-11-07;0.04480
2003-11-10;0.04490
2003-11-12;0.04440
2003-11-13;0.04300
2003-11-14;0.04220
2003-11-17;0.04180
2003-11-18;0.04170
2003-11-19;0.04240
2003-11-20;0.04160
2003-11-21;0.04150
2003-11-24;0.04230
2003-11-25;0.04190
2003-11-26;0.04250
2003-11-28;0.04340
2003-12-01;0.04400
2003-12-02;0.04380
2003-12-03;0.04410
2003-12-04;0.04380
2003-12-05;0.04230
2003-12-08;0.04290
2003-12-09;0.04320
2003-12-10;0.04300
2003-12-11;0.04270
2003-12-12;0.04260
2003-12-15;0.04280
2003-12-16;0.04240
2003-12-17;0.04190
2003-12-18;0.04160
2003-12-19;0.04150
2003-12-22;0.04180
2003-12-23;0.04280
2003-12-24;0.04200
2003-12-26;0.04170
2003-12-29;0.04240
2003-12-30;0.04290
2003-12-31;0.04270
2004-01-02;0.04380
2004-01-05;0.04410
2004-01-06;0.04290
2004-01-07;0.04270
2004-01-08;0.04270
2004-01-09;0.04110
2004-01-12;0.04110
2004-01-13;0.04050
2004-01-14;0.04010
2004-01-15;0.03990
2004-01-16;0.04040
2004-01-20;0.04080
2004-01-21;0.04050
2004-01-22;0.03990
2004-01-23;0.04090
2004-01-26;0.04160
2004-01-27;0.04110
2004-01-28;0.04220
2004-01-29;0.04220
2004-01-30;0.04160
2004-02-02;0.04180
2004-02-03;0.04130
2004-02-04;0.04150
2004-02-05;0.04200
2004-02-06;0.04120
2004-02-09;0.04090
2004-02-10;0.04130
2004-02-11;0.04050
2004-02-12;0.04100
2004-02-13;0.04050
2004-02-17;0.04050
2004-02-18;0.04050
2004-02-19;0.04050
2004-02-20;0.04100
2004-02-23;0.04050
2004-02-24;0.04040
2004-02-25;0.04020
2004-02-26;0.04050
2004-02-27;0.03990
2004-03-01;0.04000
2004-03-02;0.04050
2004-03-03;0.04070
2004-03-04;0.04040
2004-03-05;0.03850
2004-03-08;0.03780
2004-03-09;0.03730
2004-03-10;0.03740
2004-03-11;0.03740
2004-03-12;0.03780
2004-03-15;0.03780
2004-03-16;0.03700
2004-03-17;0.03710
2004-03-18;0.03760
2004-03-19;0.03800
2004-03-22;0.03740
2004-03-23;0.03730
2004-03-24;0.03730
2004-03-25;0.03750
2004-03-26;0.03850
2004-03-29;0.03910
2004-03-30;0.03910
2004-03-31;0.03860
2004-04-01;0.03910
2004-04-02;0.04150
2004-04-05;0.04240
2004-04-06;0.04190
2004-04-07;0.04190
2004-04-08;0.04210
2004-04-12;0.04250
2004-04-13;0.04350
2004-04-14;0.04400
2004-04-15;0.04420
2004-04-16;0.04370
2004-04-19;0.04390
2004-04-20;0.04430
2004-04-21;0.04450
2004-04-22;0.04400
2004-04-23;0.04480
2004-04-26;0.04460
2004-04-27;0.04430
2004-04-28;0.04500
2004-04-29;0.04550
2004-04-30;0.04530
2004-05-03;0.04530
2004-05-04;0.04560
2004-05-05;0.04610
2004-05-06;0.04630
2004-05-07;0.04790
2004-05-10;0.04810
2004-05-11;0.04790
2004-05-12;0.04830
2004-05-13;0.04850
2004-05-14;0.04790
2004-05-17;0.04700
2004-05-18;0.04740
2004-05-19;0.04790
2004-05-20;0.04720
2004-05-21;0.04760
2004-05-24;0.04750
2004-05-25;0.04730
2004-05-26;0.04670
2004-05-27;0.04600
2004-05-28;0.04660
2004-06-01;0.04710
2004-06-02;0.04740
2004-06-03;0.04710
2004-06-04;0.04780
2004-06-07;0.04780
2004-06-08;0.04780
2004-06-09;0.04820
2004-06-10;0.04810
2004-06-14;0.04890
2004-06-15;0.04690
2004-06-16;0.04740
2004-06-17;0.04710
2004-06-18;0.04720
2004-06-21;0.04700
2004-06-22;0.04720
2004-06-23;0.04710
2004-06-24;0.04660
2004-06-25;0.04660
2004-06-28;0.04760
2004-06-29;0.04700
2004-06-30;0.04620
2004-07-01;0.04570
2004-07-02;0.04480
2004-07-06;0.04490
2004-07-07;0.04500
2004-07-08;0.04490
2004-07-09;0.04490
2004-07-12;0.04460
2004-07-13;0.04500
2004-07-14;0.04500
2004-07-15;0.04500
2004-07-16;0.04380
2004-07-19;0.04380
2004-07-20;0.04470
2004-07-21;0.04500
2004-07-22;0.04480
2004-07-23;0.04450
2004-07-26;0.04490
2004-07-27;0.04620
2004-07-28;0.04610
2004-07-29;0.04600
2004-07-30;0.04500
2004-08-02;0.04480
2004-08-03;0.04450
2004-08-04;0.04450
2004-08-05;0.04430
2004-08-06;0.04240
2004-08-09;0.04280
2004-08-10;0.04320
2004-08-11;0.04300
2004-08-12;0.04270
2004-08-13;0.04220
2004-08-16;0.04260
2004-08-17;0.04210
2004-08-18;0.04230
2004-08-19;0.04220
2004-08-20;0.04240
2004-08-23;0.04280
2004-08-24;0.04280
2004-08-25;0.04260
2004-08-26;0.04220
2004-08-27;0.04230
2004-08-30;0.04190
2004-08-31;0.04130
2004-09-01;0.04130
2004-09-02;0.04200
2004-09-03;0.04300
2004-09-07;0.04260
2004-09-08;0.04180
2004-09-09;0.04220
2004-09-10;0.04190
2004-09-13;0.04160
2004-09-14;0.04150
2004-09-15;0.04180
2004-09-16;0.04080
2004-09-17;0.04140
2004-09-20;0.04070
2004-09-21;0.04050
2004-09-22;0.04000
2004-09-23;0.04020
2004-09-24;0.04040
2004-09-27;0.04010
2004-09-28;0.04020
2004-09-29;0.04100
2004-09-30;0.04140
2004-10-01;0.04210
2004-10-04;0.04190
2004-10-05;0.04180
2004-10-06;0.04230
2004-10-07;0.04260
2004-10-08;0.04150
2004-10-12;0.04120
2004-10-13;0.04090
2004-10-14;0.04030
2004-10-15;0.04070
2004-10-18;0.04070
2004-10-19;0.04070
2004-10-20;0.04010
2004-10-21;0.04010
2004-10-22;0.04000
2004-10-25;0.03990
2004-10-26;0.04010
2004-10-27;0.04110
2004-10-28;0.04090
2004-10-29;0.04050
2004-11-01;0.04110
2004-11-02;0.04100
2004-11-03;0.04090
2004-11-04;0.04100
2004-11-05;0.04210
2004-11-08;0.04220
2004-11-09;0.04220
2004-11-10;0.04250
2004-11-12;0.04200
2004-11-15;0.04200
2004-11-16;0.04210
2004-11-17;0.04140
2004-11-18;0.04120
2004-11-19;0.04200
2004-11-22;0.04180
2004-11-23;0.04190
2004-11-24;0.04200
2004-11-26;0.04240
2004-11-29;0.04340
2004-11-30;0.04360
2004-12-01;0.04380
2004-12-02;0.04400
2004-12-03;0.04270
2004-12-06;0.04240
2004-12-07;0.04230
2004-12-08;0.04140
2004-12-09;0.04190
2004-12-10;0.04160
2004-12-13;0.04160
2004-12-14;0.04140
2004-12-15;0.04090
2004-12-16;0.04190
2004-12-17;0.04210
2004-12-20;0.04210
2004-12-21;0.04180
2004-12-22;0.04210
2004-12-23;0.04230
2004-12-27;0.04300
2004-12-28;0.04310
2004-12-29;0.04330
2004-12-30;0.04270
2004-12-31;0.04240
2005-01-03;0.04230
2005-01-04;0.04290
2005-01-05;0.04290
2005-01-06;0.04290
2005-01-07;0.04290
2005-01-10;0.04290
2005-01-11;0.04260
2005-01-12;0.04250
2005-01-13;0.04200
2005-01-14;0.04230
2005-01-18;0.04210
2005-01-19;0.04200
2005-01-20;0.04170
2005-01-21;0.04160
2005-01-24;0.04140
2005-01-25;0.04200
2005-01-26;0.04210
2005-01-27;0.04220
2005-01-28;0.04160
2005-01-31;0.04140
2005-02-01;0.04150
2005-02-02;0.04150
2005-02-03;0.04180
2005-02-04;0.04090
2005-02-07;0.04070
2005-02-08;0.04050
2005-02-09;0.04000
2005-02-10;0.04070
2005-02-11;0.04100
2005-02-14;0.04080
2005-02-15;0.04100
2005-02-16;0.04160
2005-02-17;0.04190
2005-02-18;0.04270
2005-02-22;0.04290
2005-02-23;0.04270
2005-02-24;0.04290
2005-02-25;0.04270
2005-02-28;0.04360
2005-03-01;0.04380
2005-03-02;0.04380
2005-03-03;0.04390
2005-03-04;0.04320
2005-03-07;0.04310
2005-03-08;0.04380
2005-03-09;0.04520
2005-03-10;0.04480
2005-03-11;0.04560
2005-03-14;0.04520
2005-03-15;0.04540
2005-03-16;0.04520
2005-03-17;0.04470
2005-03-18;0.04510
2005-03-21;0.04530
2005-03-22;0.04630
2005-03-23;0.04610
2005-03-24;0.04600
2005-03-28;0.04640
2005-03-29;0.04600
2005-03-30;0.04560
2005-03-31;0.04500
2005-04-01;0.04460
2005-04-04;0.04470
2005-04-05;0.04480
2005-04-06;0.04440
2005-04-07;0.04490
2005-04-08;0.04500
2005-04-11;0.04450
2005-04-12;0.04380
2005-04-13;0.04380
2005-04-14;0.04370
2005-04-15;0.04270
2005-04-18;0.04270
2005-04-19;0.04210
2005-04-20;0.04220
2005-04-21;0.04320
2005-04-22;0.04260
2005-04-25;0.04260
2005-04-26;0.04280
2005-04-27;0.04250
2005-04-28;0.04190
2005-04-29;0.04210
2005-05-02;0.04210
2005-05-03;0.04210
2005-05-04;0.04200
2005-05-05;0.04190
2005-05-06;0.04280
2005-05-09;0.04290
2005-05-10;0.04230
2005-05-11;0.04210
2005-05-12;0.04180
2005-05-13;0.04120
2005-05-16;0.04130
2005-05-17;0.04120
2005-05-18;0.04070
2005-05-19;0.04110
2005-05-20;0.04130
2005-05-23;0.04070
2005-05-24;0.04040
2005-05-25;0.04080
2005-05-26;0.04080
2005-05-27;0.04080
2005-05-31;0.04000
2005-06-01;0.03910
2005-06-02;0.03890
2005-06-03;0.03980
2005-06-06;0.03960
2005-06-07;0.03920
2005-06-08;0.03950
2005-06-09;0.03980
2005-06-10;0.04050
2005-06-13;0.04090
2005-06-14;0.04130
2005-06-15;0.04120
2005-06-16;0.04090
2005-06-17;0.04090
2005-06-20;0.04110
2005-06-21;0.04060
2005-06-22;0.03950
2005-06-23;0.03960
2005-06-24;0.03920
2005-06-27;0.03900
2005-06-28;0.03970
2005-06-29;0.03990
2005-06-30;0.03940
2005-07-01;0.04060
2005-07-05;0.04110
2005-07-06;0.04080
2005-07-07;0.04050
2005-07-08;0.04110
2005-07-11;0.04110
2005-07-12;0.04150
2005-07-13;0.04170
2005-07-14;0.04190
2005-07-15;0.04180
2005-07-18;0.04220
2005-07-19;0.04200
2005-07-20;0.04170
2005-07-21;0.04280
2005-07-22;0.04230
2005-07-25;0.04250
2005-07-26;0.04240
2005-07-27;0.04270
2005-07-28;0.04200
2005-07-29;0.04280
2005-08-01;0.04320
2005-08-02;0.04340
2005-08-03;0.04300
2005-08-04;0.04320
2005-08-05;0.04400
2005-08-08;0.04420
2005-08-09;0.04410
2005-08-10;0.04400
2005-08-11;0.04320
2005-08-12;0.04240
2005-08-15;0.04270
2005-08-16;0.04230
2005-08-17;0.04280
2005-08-18;0.04210
2005-08-19;0.04210
2005-08-22;0.04220
2005-08-23;0.04200
2005-08-24;0.04190
2005-08-25;0.04180
2005-08-26;0.04200
2005-08-29;0.04200
2005-08-30;0.04160
2005-08-31;0.04020
2005-09-01;0.04020
2005-09-02;0.04030
2005-09-06;0.04090
2005-09-07;0.04150
2005-09-08;0.04150
2005-09-09;0.04140
2005-09-12;0.04180
2005-09-13;0.04140
2005-09-14;0.04170
2005-09-15;0.04220
2005-09-16;0.04260
2005-09-19;0.04250
2005-09-20;0.04260
2005-09-21;0.04190
2005-09-22;0.04190
2005-09-23;0.04250
2005-09-26;0.04300
2005-09-27;0.04300
2005-09-28;0.04260
2005-09-29;0.04290
2005-09-30;0.04340
2005-10-03;0.04390
2005-10-04;0.04380
2005-10-05;0.04360
2005-10-06;0.04370
2005-10-07;0.04350
2005-10-11;0.04390
2005-10-12;0.04450
2005-10-13;0.04480
2005-10-14;0.04480
2005-10-17;0.04500
2005-10-18;0.04490
2005-10-19;0.04470
2005-10-20;0.04460
2005-10-21;0.04390
2005-10-24;0.04450
2005-10-25;0.04540
2005-10-26;0.04600
2005-10-27;0.04570
2005-10-28;0.04580
2005-10-31;0.04570
2005-11-01;0.04580
2005-11-02;0.04610
2005-11-03;0.04650
2005-11-04;0.04660
2005-11-07;0.04650
2005-11-08;0.04570
2005-11-09;0.04640
2005-11-10;0.04550
2005-11-14;0.04610
2005-11-15;0.04560
2005-11-16;0.04490
2005-11-17;0.04460
2005-11-18;0.04500
2005-11-21;0.04460
2005-11-22;0.04430
2005-11-23;0.04470
2005-11-25;0.04430
2005-11-28;0.04410
2005-11-29;0.04480
2005-11-30;0.04490
2005-12-01;0.04520
2005-12-02;0.04520
2005-12-05;0.04570
2005-12-06;0.04490
2005-12-07;0.04520
2005-12-08;0.04470
2005-12-09;0.04540
2005-12-12;0.04560
2005-12-13;0.04540
2005-12-14;0.04450
2005-12-15;0.04470
2005-12-16;0.04450
2005-12-19;0.04450
2005-12-20;0.04470
2005-12-21;0.04490
2005-12-22;0.04440
2005-12-23;0.04380
2005-12-27;0.04340
2005-12-28;0.04380
2005-12-29;0.04370
2005-12-30;0.04390
2006-01-03;0.04370
2006-01-04;0.04360
2006-01-05;0.04360
2006-01-06;0.04380
2006-01-09;0.04380
2006-01-10;0.04430
2006-01-11;0.04460
2006-01-12;0.04420
2006-01-13;0.04360
2006-01-17;0.04340
2006-01-18;0.04340
2006-01-19;0.04380
2006-01-20;0.04370
2006-01-23;0.04360
2006-01-24;0.04400
2006-01-25;0.04490
2006-01-26;0.04530
2006-01-27;0.04520
2006-01-30;0.04540
2006-01-31;0.04530
2006-02-01;0.04570
2006-02-02;0.04570
2006-02-03;0.04540
2006-02-06;0.04550
2006-02-07;0.04570
2006-02-08;0.04560
2006-02-09;0.04540
2006-02-10;0.04590
2006-02-13;0.04580
2006-02-14;0.04620
2006-02-15;0.04610
2006-02-16;0.04590
2006-02-17;0.04540
2006-02-21;0.04570
2006-02-22;0.04530
2006-02-23;0.04560
2006-02-24;0.04580
2006-02-27;0.04590
2006-02-28;0.04550
2006-03-01;0.04590
2006-03-02;0.04640
2006-03-03;0.04680
2006-03-06;0.04740
2006-03-07;0.04740
2006-03-08;0.04730
2006-03-09;0.04740
2006-03-10;0.04760
2006-03-13;0.04770
2006-03-14;0.04710
2006-03-15;0.04730
2006-03-16;0.04650
2006-03-17;0.04680
2006-03-20;0.04660
2006-03-21;0.04710
2006-03-22;0.04700
2006-03-23;0.04730
2006-03-24;0.04670
2006-03-27;0.04700
2006-03-28;0.04790
2006-03-29;0.04810
2006-03-30;0.04860
2006-03-31;0.04860
2006-04-03;0.04880
2006-04-04;0.04870
2006-04-05;0.04840
2006-04-06;0.04900
2006-04-07;0.04970
2006-04-10;0.04970
2006-04-11;0.04930
2006-04-12;0.04980
2006-04-13;0.05050
2006-04-17;0.05010
2006-04-18;0.04990
2006-04-19;0.05040
2006-04-20;0.05040
2006-04-21;0.05010
2006-04-24;0.04990
2006-04-25;0.05070
2006-04-26;0.05120
2006-04-27;0.05090
2006-04-28;0.05070
2006-05-01;0.05140
2006-05-02;0.05120
2006-05-03;0.05150
2006-05-04;0.05160
2006-05-05;0.05120
2006-05-08;0.05120
2006-05-09;0.05130
2006-05-10;0.05130
2006-05-11;0.05140
2006-05-12;0.05190
2006-05-15;0.05150
2006-05-16;0.05100
2006-05-17;0.05160
2006-05-18;0.05080
2006-05-19;0.05050
2006-05-22;0.05040
2006-05-23;0.05070
2006-05-24;0.05030
2006-05-25;0.05070
2006-05-26;0.05060
2006-05-30;0.05090
2006-05-31;0.05120
2006-06-01;0.05110
2006-06-02;0.05000
2006-06-05;0.05020
2006-06-06;0.05010
2006-06-07;0.05020
2006-06-08;0.05000
2006-06-09;0.04980
2006-06-12;0.04990
2006-06-13;0.04970
2006-06-14;0.05050
2006-06-15;0.05100
2006-06-16;0.05130
2006-06-19;0.05140
2006-06-20;0.05150
2006-06-21;0.05160
2006-06-22;0.05200
2006-06-23;0.05230
2006-06-26;0.05250
2006-06-27;0.05210
2006-06-28;0.05250
2006-06-29;0.05220
2006-06-30;0.05150
2006-07-03;0.05150
2006-07-05;0.05230
2006-07-06;0.05190
2006-07-07;0.05140
2006-07-10;0.05130
2006-07-11;0.05100
2006-07-12;0.05100
2006-07-13;0.05080
2006-07-14;0.05070
2006-07-17;0.05070
2006-07-18;0.05130
2006-07-19;0.05060
2006-07-20;0.05030
2006-07-21;0.05050
2006-07-24;0.05050
2006-07-25;0.05070
2006-07-26;0.05040
2006-07-27;0.05070
2006-07-28;0.05000
2006-07-31;0.04990
2006-08-01;0.04990
2006-08-02;0.04960
2006-08-03;0.04960
2006-08-04;0.04910
2006-08-07;0.04930
2006-08-08;0.04930
2006-08-09;0.04920
2006-08-10;0.04930
2006-08-11;0.04970
2006-08-14;0.05000
2006-08-15;0.04930
2006-08-16;0.04870
2006-08-17;0.04870
2006-08-18;0.04840
2006-08-21;0.04820
2006-08-22;0.04820
2006-08-23;0.04820
2006-08-24;0.04810
2006-08-25;0.04790
2006-08-28;0.04800
2006-08-29;0.04790
2006-08-30;0.04760
2006-08-31;0.04740
2006-09-01;0.04730
2006-09-05;0.04780
2006-09-06;0.04800
2006-09-07;0.04800
2006-09-08;0.04780
2006-09-11;0.04800
2006-09-12;0.04780
2006-09-13;0.04770
2006-09-14;0.04790
2006-09-15;0.04800
2006-09-18;0.04810
2006-09-19;0.04740
2006-09-20;0.04730
2006-09-21;0.04650
2006-09-22;0.04600
2006-09-25;0.04560
2006-09-26;0.04590
2006-09-27;0.04600
2006-09-28;0.04630
2006-09-29;0.04640
2006-10-02;0.04620
2006-10-03;0.04620
2006-10-04;0.04570
2006-10-05;0.04610
2006-10-06;0.04700
2006-10-10;0.04750
2006-10-11;0.04780
2006-10-12;0.04790
2006-10-13;0.04810
2006-10-16;0.04790
2006-10-17;0.04780
2006-10-18;0.04770
2006-10-19;0.04790
2006-10-20;0.04790
2006-10-23;0.04830
2006-10-24;0.04830
2006-10-25;0.04780
2006-10-26;0.04730
2006-10-27;0.04680
2006-10-30;0.04680
2006-10-31;0.04610
2006-11-01;0.04570
2006-11-02;0.04600
2006-11-03;0.04720
2006-11-06;0.04710
2006-11-07;0.04660
2006-11-08;0.04640
2006-11-09;0.04620
2006-11-10;0.04590
2006-11-13;0.04610
2006-11-14;0.04570
2006-11-15;0.04610
2006-11-16;0.04660
2006-11-17;0.04610
2006-11-20;0.04600
2006-11-21;0.04580
2006-11-22;0.04570
2006-11-24;0.04550
2006-11-27;0.04540
2006-11-28;0.04510
2006-11-29;0.04520
2006-11-30;0.04460
2006-12-01;0.04430
2006-12-04;0.04430
2006-12-05;0.04450
2006-12-06;0.04480
2006-12-07;0.04490
2006-12-08;0.04560
2006-12-11;0.04520
2006-12-12;0.04490
2006-12-13;0.04580
2006-12-14;0.04600
2006-12-15;0.04600
2006-12-18;0.04600
2006-12-19;0.04600
2006-12-20;0.04600
2006-12-21;0.04550
2006-12-22;0.04630
2006-12-26;0.04610
2006-12-27;0.04660
2006-12-28;0.04700
2006-12-29;0.04710
2007-01-02;0.04680
2007-01-03;0.04670
2007-01-04;0.04620
2007-01-05;0.04650
2007-01-08;0.04660
2007-01-09;0.04660
2007-01-10;0.04690
2007-01-11;0.04740
2007-01-12;0.04770
2007-01-16;0.04750
2007-01-17;0.04790
2007-01-18;0.04750
2007-01-19;0.04780
2007-01-22;0.04760
2007-01-23;0.04810
2007-01-24;0.04810
2007-01-25;0.04870
2007-01-26;0.04880
2007-01-29;0.04900
2007-01-30;0.04880
2007-01-31;0.04830
2007-02-01;0.04840
2007-02-02;0.04830
2007-02-05;0.04810
2007-02-06;0.04770
2007-02-07;0.04740
2007-02-08;0.04730
2007-02-09;0.04790
2007-02-12;0.04800
2007-02-13;0.04820
2007-02-14;0.04740
2007-02-15;0.04700
2007-02-16;0.04690
2007-02-20;0.04680
2007-02-21;0.04690
2007-02-22;0.04730
2007-02-23;0.04680
2007-02-26;0.04630
2007-02-27;0.04500
2007-02-28;0.04560
2007-03-01;0.04560
2007-03-02;0.04520
2007-03-05;0.04510
2007-03-06;0.04530
2007-03-07;0.04500
2007-03-08;0.04510
2007-03-09;0.04590
2007-03-12;0.04560
2007-03-13;0.04500
2007-03-14;0.04530
2007-03-15;0.04540
2007-03-16;0.04550
2007-03-19;0.04580
2007-03-20;0.04560
2007-03-21;0.04530
2007-03-22;0.04600
2007-03-23;0.04620
2007-03-26;0.04600
2007-03-27;0.04620
2007-03-28;0.04620
2007-03-29;0.04640
2007-03-30;0.04650
2007-04-02;0.04650
2007-04-03;0.04670
2007-04-04;0.04660
2007-04-05;0.04680
2007-04-06;0.04760
2007-04-09;0.04750
2007-04-10;0.04730
2007-04-11;0.04740
2007-04-12;0.04740
2007-04-13;0.04760
2007-04-16;0.04740
2007-04-17;0.04690
2007-04-18;0.04660
2007-04-19;0.04680
2007-04-20;0.04680
2007-04-23;0.04660
2007-04-24;0.04630
2007-04-25;0.04660
2007-04-26;0.04690
2007-04-27;0.04710
2007-04-30;0.04630
2007-05-01;0.04640
2007-05-02;0.04650
2007-05-03;0.04680
2007-05-04;0.04650
2007-05-07;0.04640
2007-05-08;0.04630
2007-05-09;0.04670
2007-05-10;0.04650
2007-05-11;0.04670
2007-05-14;0.04690
2007-05-15;0.04710
2007-05-16;0.04710
2007-05-17;0.04760
2007-05-18;0.04810
2007-05-21;0.04790
2007-05-22;0.04830
2007-05-23;0.04860
2007-05-24;0.04860
2007-05-25;0.04860
2007-05-29;0.04880
2007-05-30;0.04880
2007-05-31;0.04900
2007-06-01;0.04950
2007-06-04;0.04930
2007-06-05;0.04980
2007-06-06;0.04970
2007-06-07;0.05110
2007-06-08;0.05120
2007-06-11;0.05140
2007-06-12;0.05260
2007-06-13;0.05200
2007-06-14;0.05230
2007-06-15;0.05160
2007-06-18;0.05150
2007-06-19;0.05090
2007-06-20;0.05140
2007-06-21;0.05160
2007-06-22;0.05140
2007-06-25;0.05090
2007-06-26;0.05100
2007-06-27;0.05090
2007-06-28;0.05120
2007-06-29;0.05030
2007-07-02;0.05000
2007-07-03;0.05050
2007-07-05;0.05160
2007-07-06;0.05190
2007-07-09;0.05160
2007-07-10;0.05030
2007-07-11;0.05090
2007-07-12;0.05130
2007-07-13;0.05110
2007-07-16;0.05050
2007-07-17;0.05080
2007-07-18;0.05020
2007-07-19;0.05040
2007-07-20;0.04960
2007-07-23;0.04970
2007-07-24;0.04940
2007-07-25;0.04920
2007-07-26;0.04790
2007-07-27;0.04800
2007-07-30;0.04820
2007-07-31;0.04780
2007-08-01;0.04760
2007-08-02;0.04770
2007-08-03;0.04710
2007-08-06;0.04720
2007-08-07;0.04770
2007-08-08;0.04840
2007-08-09;0.04790
2007-08-10;0.04810
2007-08-13;0.04780
2007-08-14;0.04730
2007-08-15;0.04690
2007-08-16;0.04600
2007-08-17;0.04680
2007-08-20;0.04640
2007-08-21;0.04600
2007-08-22;0.04630
2007-08-23;0.04620
2007-08-24;0.04630
2007-08-27;0.04600
2007-08-28;0.04530
2007-08-29;0.04570
2007-08-30;0.04510
2007-08-31;0.04540
2007-09-04;0.04560
2007-09-05;0.04480
2007-09-06;0.04510
2007-09-07;0.04380
2007-09-10;0.04340
2007-09-11;0.04370
2007-09-12;0.04410
2007-09-13;0.04490
2007-09-14;0.04470
2007-09-17;0.04480
2007-09-18;0.04500
2007-09-19;0.04530
2007-09-20;0.04690
2007-09-21;0.04640
2007-09-24;0.04630
2007-09-25;0.04630
2007-09-26;0.04630
2007-09-27;0.04580
2007-09-28;0.04590
2007-10-01;0.04560
2007-10-02;0.04540
2007-10-03;0.04550
2007-10-04;0.04540
2007-10-05;0.04650
2007-10-09;0.04670
2007-10-10;0.04650
2007-10-11;0.04660
2007-10-12;0.04700
2007-10-15;0.04690
2007-10-16;0.04660
2007-10-17;0.04570
2007-10-18;0.04520
2007-10-19;0.04410
2007-10-22;0.04420
2007-10-23;0.04410
2007-10-24;0.04360
2007-10-25;0.04370
2007-10-26;0.04410
2007-10-29;0.04390
2007-10-30;0.04400
2007-10-31;0.04480
2007-11-01;0.04360
2007-11-02;0.04310
2007-11-05;0.04350
2007-11-06;0.04380
2007-11-07;0.04340
2007-11-08;0.04280
2007-11-09;0.04230
2007-11-13;0.04260
2007-11-14;0.04280
2007-11-15;0.04170
2007-11-16;0.04150
2007-11-19;0.04070
2007-11-20;0.04060
2007-11-21;0.04000
2007-11-23;0.04010
2007-11-26;0.03830
2007-11-27;0.03950
2007-11-28;0.04030
2007-11-29;0.03940
2007-11-30;0.03970
2007-12-03;0.03890
2007-12-04;0.03890
2007-12-05;0.03920
2007-12-06;0.04020
2007-12-07;0.04120
2007-12-10;0.04150
2007-12-11;0.03980
2007-12-12;0.04050
2007-12-13;0.04180
2007-12-14;0.04240
2007-12-17;0.04200
2007-12-18;0.04140
2007-12-19;0.04060
2007-12-20;0.04040
2007-12-21;0.04180
2007-12-24;0.04230
2007-12-26;0.04300
2007-12-27;0.04210
2007-12-28;0.04110
2007-12-31;0.04040
2008-01-02;0.03910
2008-01-03;0.03910
2008-01-04;0.03880
2008-01-07;0.03860
2008-01-08;0.03860
2008-01-09;0.03820
2008-01-10;0.03910
2008-01-11;0.03820
2008-01-14;0.03810
2008-01-15;0.03720
2008-01-16;0.03740
2008-01-17;0.03660
2008-01-18;0.03660
2008-01-22;0.03520
2008-01-23;0.03510
2008-01-24;0.03680
2008-01-25;0.03610
2008-01-28;0.03610
2008-01-29;0.03690
2008-01-30;0.03780
2008-01-31;0.03670
2008-02-01;0.03620
2008-02-04;0.03680
2008-02-05;0.03610
2008-02-06;0.03610
2008-02-07;0.03740
2008-02-08;0.03640
2008-02-11;0.03620
2008-02-12;0.03660
2008-02-13;0.03700
2008-02-14;0.03850
2008-02-15;0.03760
2008-02-19;0.03890
2008-02-20;0.03930
2008-02-21;0.03770
2008-02-22;0.03790
2008-02-25;0.03910
2008-02-26;0.03880
2008-02-27;0.03850
2008-02-28;0.03710
2008-02-29;0.03530
2008-03-03;0.03540
2008-03-04;0.03630
2008-03-05;0.03700
2008-03-06;0.03620
2008-03-07;0.03560
2008-03-10;0.03460
2008-03-11;0.03600
2008-03-12;0.03490
2008-03-13;0.03560
2008-03-14;0.03440
2008-03-17;0.03340
2008-03-18;0.03480
2008-03-19;0.03380
2008-03-20;0.03340
2008-03-24;0.03560
2008-03-25;0.03510
2008-03-26;0.03510
2008-03-27;0.03560
2008-03-28;0.03470
2008-03-31;0.03450
2008-04-01;0.03570
2008-04-02;0.03600
2008-04-03;0.03610
2008-04-04;0.03500
2008-04-07;0.03570
2008-04-08;0.03580
2008-04-09;0.03490
2008-04-10;0.03550
2008-04-11;0.03490
2008-04-14;0.03530
2008-04-15;0.03600
2008-04-16;0.03720
2008-04-17;0.03750
2008-04-18;0.03770
2008-04-21;0.03750
2008-04-22;0.03740
2008-04-23;0.03770
2008-04-24;0.03870
2008-04-25;0.03910
2008-04-28;0.03860
2008-04-29;0.03850
2008-04-30;0.03770
2008-05-01;0.03780
2008-05-02;0.03890
2008-05-05;0.03880
2008-05-06;0.03930
2008-05-07;0.03870
2008-05-08;0.03790
2008-05-09;0.03770
2008-05-12;0.03780
2008-05-13;0.03900
2008-05-14;0.03920
2008-05-15;0.03830
2008-05-16;0.03850
2008-05-19;0.03830
2008-05-20;0.03780
2008-05-21;0.03810
2008-05-22;0.03920
2008-05-23;0.03850
2008-05-27;0.03930
2008-05-28;0.04030
2008-05-29;0.04080
2008-05-30;0.04060
2008-06-02;0.03980
2008-06-03;0.03920
2008-06-04;0.03980
2008-06-05;0.04060
2008-06-06;0.03940
2008-06-09;0.04020
2008-06-10;0.04110
2008-06-11;0.04100
2008-06-12;0.04230
2008-06-13;0.04270
2008-06-16;0.04250
2008-06-17;0.04230
2008-06-18;0.04160
2008-06-19;0.04220
2008-06-20;0.04160
2008-06-23;0.04190
2008-06-24;0.04100
2008-06-25;0.04120
2008-06-26;0.04070
2008-06-27;0.03990
2008-06-30;0.03990
2008-07-01;0.04010
2008-07-02;0.03990
2008-07-03;0.03990
2008-07-07;0.03950
2008-07-08;0.03910
2008-07-09;0.03850
2008-07-10;0.03830
2008-07-11;0.03960
2008-07-14;0.03900
2008-07-15;0.03870
2008-07-16;0.03970
2008-07-17;0.04070
2008-07-18;0.04110
2008-07-21;0.04090
2008-07-22;0.04140
2008-07-23;0.04160
2008-07-24;0.04030
2008-07-25;0.04130
2008-07-28;0.04060
2008-07-29;0.04090
2008-07-30;0.04070
2008-07-31;0.03990
2008-08-01;0.03970
2008-08-04;0.03980
2008-08-05;0.04040
2008-08-06;0.04060
2008-08-07;0.03920
2008-08-08;0.03940
2008-08-11;0.03990
2008-08-12;0.03910
2008-08-13;0.03940
2008-08-14;0.03890
2008-08-15;0.03840
2008-08-18;0.03820
2008-08-19;0.03830
2008-08-20;0.03790
2008-08-21;0.03840
2008-08-22;0.03870
2008-08-25;0.03790
2008-08-26;0.03790
2008-08-27;0.03770
2008-08-28;0.03790
2008-08-29;0.03830
2008-09-02;0.03740
2008-09-03;0.03710
2008-09-04;0.03640
2008-09-05;0.03660
2008-09-08;0.03660
2008-09-09;0.03620
2008-09-10;0.03650
2008-09-11;0.03640
2008-09-12;0.03740
2008-09-15;0.03470
2008-09-16;0.03480
2008-09-17;0.03410
2008-09-18;0.03540
2008-09-19;0.03780
2008-09-22;0.03830
2008-09-23;0.03850
2008-09-24;0.03800
2008-09-25;0.03880
2008-09-26;0.03850
2008-09-29;0.03610
2008-09-30;0.03850
2008-10-01;0.03770
2008-10-02;0.03660
2008-10-03;0.03630
2008-10-06;0.03480
2008-10-07;0.03500
2008-10-08;0.03720
2008-10-09;0.03840
2008-10-10;0.03890
2008-10-14;0.04080
2008-10-15;0.04040
2008-10-16;0.03990
2008-10-17;0.03980
2008-10-20;0.03910
2008-10-21;0.03760
2008-10-22;0.03650
2008-10-23;0.03630
2008-10-24;0.03760
2008-10-27;0.03790
2008-10-28;0.03890
2008-10-29;0.03930
2008-10-30;0.04000
2008-10-31;0.04010
2008-11-03;0.03960
2008-11-04;0.03810
2008-11-05;0.03730
2008-11-06;0.03750
2008-11-07;0.03830
2008-11-10;0.03820
2008-11-12;0.03750
2008-11-13;0.03840
2008-11-14;0.03720
2008-11-17;0.03680
2008-11-18;0.03530
2008-11-19;0.03380
2008-11-20;0.03100
2008-11-21;0.03200
2008-11-24;0.03350
2008-11-25;0.03110
2008-11-26;0.02990
2008-11-28;0.02930
2008-12-01;0.02720
2008-12-02;0.02680
2008-12-03;0.02670
2008-12-04;0.02550
2008-12-05;0.02670
2008-12-08;0.02770
2008-12-09;0.02670
2008-12-10;0.02690
2008-12-11;0.02640
2008-12-12;0.02600
2008-12-15;0.02530
2008-12-16;0.02370
2008-12-17;0.02200
2008-12-18;0.02080
2008-12-19;0.02130
2008-12-22;0.02160
2008-12-23;0.02180
2008-12-24;0.02200
2008-12-26;0.02160
2008-12-29;0.02130
2008-12-30;0.02110
2008-12-31;0.02250
2009-01-02;0.02460
2009-01-05;0.02490
2009-01-06;0.02510
2009-01-07;0.02520
2009-01-08;0.02470
2009-01-09;0.02430
2009-01-12;0.02340
2009-01-13;0.02330
2009-01-14;0.02240
2009-01-15;0.02230
2009-01-16;0.02360
2009-01-20;0.02400
2009-01-21;0.02560
2009-01-22;0.02620
2009-01-23;0.02650
2009-01-26;0.02700
2009-01-27;0.02590
2009-01-28;0.02710
2009-01-29;0.02870
2009-01-30;0.02870
2009-02-02;0.02760
2009-02-03;0.02890
2009-02-04;0.02950
2009-02-05;0.02950
2009-02-06;0.03050
2009-02-09;0.03070
2009-02-10;0.02900
2009-02-11;0.02780
2009-02-12;0.02750
2009-02-13;0.02890
2009-02-17;0.02640
2009-02-18;0.02740
2009-02-19;0.02850
2009-02-20;0.02780
2009-02-23;0.02780
2009-02-24;0.02800
2009-02-25;0.02950
2009-02-26;0.02980
2009-02-27;0.03020
2009-03-02;0.02910
2009-03-03;0.02930
2009-03-04;0.03010
2009-03-05;0.02830
2009-03-06;0.02830
2009-03-09;0.02890
2009-03-10;0.02990
2009-03-11;0.02950
2009-03-12;0.02890
2009-03-13;0.02890
2009-03-16;0.02970
2009-03-17;0.03020
2009-03-18;0.02510
2009-03-19;0.02610
2009-03-20;0.02650
2009-03-23;0.02680
2009-03-24;0.02680
2009-03-25;0.02810
2009-03-26;0.02760
2009-03-27;0.02780
2009-03-30;0.02730
2009-03-31;0.02710
2009-04-01;0.02680
2009-04-02;0.02770
2009-04-03;0.02910
2009-04-06;0.02950
2009-04-07;0.02930
2009-04-08;0.02860
2009-04-09;0.02960
2009-04-13;0.02880
2009-04-14;0.02800
2009-04-15;0.02820
2009-04-16;0.02860
2009-04-17;0.02980
2009-04-20;0.02880
2009-04-21;0.02940
2009-04-22;0.02980
2009-04-23;0.02960
2009-04-24;0.03030
2009-04-27;0.02950
2009-04-28;0.03050
2009-04-29;0.03120
2009-04-30;0.03160
2009-05-01;0.03210
2009-05-04;0.03190
2009-05-05;0.03200
2009-05-06;0.03180
2009-05-07;0.03290
2009-05-08;0.03290
2009-05-11;0.03170
2009-05-12;0.03170
2009-05-13;0.03110
2009-05-14;0.03100
2009-05-15;0.03140
2009-05-18;0.03220
2009-05-19;0.03250
2009-05-20;0.03190
2009-05-21;0.03350
2009-05-22;0.03450
2009-05-26;0.03500
2009-05-27;0.03710
2009-05-28;0.03670
2009-05-29;0.03470
2009-06-01;0.03710
2009-06-02;0.03650
2009-06-03;0.03560
2009-06-04;0.03720
2009-06-05;0.03840
2009-06-08;0.03910
2009-06-09;0.03860
2009-06-10;0.03980
2009-06-11;0.03880
2009-06-12;0.03810
2009-06-15;0.03760
2009-06-16;0.03670
2009-06-17;0.03680
2009-06-18;0.03860
2009-06-19;0.03790
2009-06-22;0.03720
2009-06-23;0.03650
2009-06-24;0.03720
2009-06-25;0.03550
2009-06-26;0.03520
2009-06-29;0.03510
2009-06-30;0.03530
2009-07-01;0.03550
2009-07-02;0.03510
2009-07-06;0.03520
2009-07-07;0.03470
2009-07-08;0.03330
2009-07-09;0.03440
2009-07-10;0.03320
2009-07-13;0.03380
2009-07-14;0.03500
2009-07-15;0.03630
2009-07-16;0.03590
2009-07-17;0.03670
2009-07-20;0.03610
2009-07-21;0.03500
2009-07-22;0.03580
2009-07-23;0.03720
2009-07-24;0.03700
2009-07-27;0.03750
2009-07-28;0.03720
2009-07-29;0.03690
2009-07-30;0.03670
2009-07-31;0.03520
2009-08-03;0.03660
2009-08-04;0.03700
2009-08-05;0.03800
2009-08-06;0.03790
2009-08-07;0.03890
2009-08-10;0.03800
2009-08-11;0.03710
2009-08-12;0.03720
2009-08-13;0.03590
2009-08-14;0.03550
2009-08-17;0.03480
2009-08-18;0.03510
2009-08-19;0.03450
2009-08-20;0.03420
2009-08-21;0.03560
2009-08-24;0.03480
2009-08-25;0.03450
2009-08-26;0.03440
2009-08-27;0.03470
2009-08-28;0.03460
2009-08-31;0.03400
2009-09-01;0.03380
2009-09-02;0.03290
2009-09-03;0.03330
2009-09-04;0.03450
2009-09-08;0.03470
2009-09-09;0.03480
2009-09-10;0.03360
2009-09-11;0.03340
2009-09-14;0.03420
2009-09-15;0.03470
2009-09-16;0.03480
2009-09-17;0.03420
2009-09-18;0.03490
2009-09-21;0.03490
2009-09-22;0.03460
2009-09-23;0.03440
2009-09-24;0.03400
2009-09-25;0.03340
2009-09-28;0.03310
2009-09-29;0.03310
2009-09-30;0.03310
2009-10-01;0.03210
2009-10-02;0.03240
2009-10-05;0.03240
2009-10-06;0.03270
2009-10-07;0.03210
2009-10-08;0.03270
2009-10-09;0.03400
2009-10-13;0.03340
2009-10-14;0.03450
2009-10-15;0.03490
2009-10-16;0.03430
2009-10-19;0.03410
2009-10-20;0.03350
2009-10-21;0.03420
2009-10-22;0.03440
2009-10-23;0.03510
2009-10-26;0.03590
2009-10-27;0.03490
2009-10-28;0.03440
2009-10-29;0.03530
2009-10-30;0.03410
2009-11-02;0.03450
2009-11-03;0.03500
2009-11-04;0.03570
2009-11-05;0.03570
2009-11-06;0.03540
2009-11-09;0.03520
2009-11-10;0.03500
2009-11-12;0.03450
2009-11-13;0.03430
2009-11-16;0.03330
2009-11-17;0.03330
2009-11-18;0.03360
2009-11-19;0.03350
2009-11-20;0.03360
2009-11-23;0.03370
2009-11-24;0.03320
2009-11-25;0.03280
2009-11-27;0.03210
2009-11-30;0.03210
2009-12-01;0.03280
2009-12-02;0.03320
2009-12-03;0.03390
2009-12-04;0.03480
2009-12-07;0.03440
2009-12-08;0.03400
2009-12-09;0.03450
2009-12-10;0.03490
2009-12-11;0.03550
2009-12-14;0.03560
2009-12-15;0.03600
2009-12-16;0.03610
2009-12-17;0.03500
2009-12-18;0.03550
2009-12-21;0.03690
2009-12-22;0.03760
2009-12-23;0.03770
2009-12-24;0.03820
2009-12-28;0.03850
2009-12-29;0.03820
2009-12-30;0.03800
2009-12-31;0.03850
2010-01-04;0.03850
2010-01-05;0.03770
2010-01-06;0.03850
2010-01-07;0.03850
2010-01-08;0.03830
2010-01-11;0.03850
2010-01-12;0.03740
2010-01-13;0.03800
2010-01-14;0.03760
2010-01-15;0.03700
2010-01-19;0.03730
2010-01-20;0.03680
2010-01-21;0.03620
2010-01-22;0.03620
2010-01-25;0.03660
2010-01-26;0.03650
2010-01-27;0.03660
2010-01-28;0.03680
2010-01-29;0.03630
2010-02-01;0.03680
2010-02-02;0.03670
2010-02-03;0.03730
2010-02-04;0.03620
2010-02-05;0.03590
2010-02-08;0.03620
2010-02-09;0.03670
2010-02-10;0.03720
2010-02-11;0.03730
2010-02-12;0.03690
2010-02-16;0.03660
2010-02-17;0.03740
2010-02-18;0.03790
2010-02-19;0.03780
2010-02-22;0.03800
2010-02-23;0.03690
2010-02-24;0.03700
2010-02-25;0.03640
2010-02-26;0.03610
2010-03-01;0.03610
2010-03-02;0.03620
2010-03-03;0.03630
2010-03-04;0.03610
2010-03-05;0.03690
2010-03-08;0.03720
2010-03-09;0.03710
2010-03-10;0.03730
2010-03-11;0.03730
2010-03-12;0.03710
2010-03-15;0.03710
2010-03-16;0.03660
2010-03-17;0.03650
2010-03-18;0.03680
2010-03-19;0.03700
2010-03-22;0.03670
2010-03-23;0.03690
2010-03-24;0.03840
2010-03-25;0.03910
2010-03-26;0.03860
2010-03-29;0.03880
2010-03-30;0.03880
2010-03-31;0.03840
2010-04-01;0.03890
2010-04-02;0.03960
2010-04-05;0.04010
2010-04-06;0.03980
2010-04-07;0.03890
2010-04-08;0.03910
2010-04-09;0.03900
2010-04-12;0.03870
2010-04-13;0.03840
2010-04-14;0.03880
2010-04-15;0.03860
2010-04-16;0.03790
2010-04-19;0.03830
2010-04-20;0.03820
2010-04-21;0.03770
2010-04-22;0.03800
2010-04-23;0.03840
2010-04-26;0.03830
2010-04-27;0.03710
2010-04-28;0.03800
2010-04-29;0.03760
2010-04-30;0.03690
2010-05-03;0.03720
2010-05-04;0.03630
2010-05-05;0.03580
2010-05-06;0.03410
2010-05-07;0.03450
2010-05-10;0.03570
2010-05-11;0.03560
2010-05-12;0.03560
2010-05-13;0.03550
2010-05-14;0.03440
2010-05-17;0.03470
2010-05-18;0.03380
2010-05-19;0.03360
2010-05-20;0.03250
2010-05-21;0.03200
2010-05-24;0.03230
2010-05-25;0.03180
2010-05-26;0.03210
2010-05-27;0.03340
2010-05-28;0.03310
2010-06-01;0.03290
2010-06-02;0.03350
2010-06-03;0.03390
2010-06-04;0.03200
2010-06-07;0.03170
2010-06-08;0.03180
2010-06-09;0.03200
2010-06-10;0.03330
2010-06-11;0.03240
2010-06-14;0.03280
2010-06-15;0.03320
2010-06-16;0.03270
2010-06-17;0.03210
2010-06-18;0.03240
2010-06-21;0.03260
2010-06-22;0.03180
2010-06-23;0.03130
2010-06-24;0.03140
2010-06-25;0.03120
2010-06-28;0.03050
2010-06-29;0.02970
2010-06-30;0.02970
2010-07-01;0.02960
2010-07-02;0.03000
2010-07-06;0.02950
2010-07-07;0.03000
2010-07-08;0.03040
2010-07-09;0.03070
2010-07-12;0.03080
2010-07-13;0.03150
2010-07-14;0.03070
2010-07-15;0.03000
2010-07-16;0.02960
2010-07-19;0.02990
2010-07-20;0.02980
2010-07-21;0.02900
2010-07-22;0.02960
2010-07-23;0.03020
2010-07-26;0.03030
2010-07-27;0.03080
2010-07-28;0.03030
2010-07-29;0.03030
2010-07-30;0.02940
2010-08-02;0.02990
2010-08-03;0.02940
2010-08-04;0.02980
2010-08-05;0.02940
2010-08-06;0.02860
2010-08-09;0.02860
2010-08-10;0.02790
2010-08-11;0.02720
2010-08-12;0.02740
2010-08-13;0.02680
2010-08-16;0.02580
2010-08-17;0.02640
2010-08-18;0.02640
2010-08-19;0.02580
2010-08-20;0.02620
2010-08-23;0.02600
2010-08-24;0.02500
2010-08-25;0.02540
2010-08-26;0.02500
2010-08-27;0.02660
2010-08-30;0.02540
2010-08-31;0.02470
2010-09-01;0.02580
2010-09-02;0.02630
2010-09-03;0.02720
2010-09-07;0.02610
2010-09-08;0.02660
2010-09-09;0.02770
2010-09-10;0.02810
2010-09-13;0.02740
2010-09-14;0.02680
2010-09-15;0.02740
2010-09-16;0.02770
2010-09-17;0.02750
2010-09-20;0.02720
2010-09-21;0.02610
2010-09-22;0.02560
2010-09-23;0.02560
2010-09-24;0.02620
2010-09-27;0.02540
2010-09-28;0.02480
2010-09-29;0.02520
2010-09-30;0.02530
2010-10-01;0.02540
2010-10-04;0.02500
2010-10-05;0.02500
2010-10-06;0.02410
2010-10-07;0.02410
2010-10-08;0.02410
2010-10-11;0.00000
2010-10-12;0.02440
2010-10-13;0.02460
2010-10-14;0.02520
2010-10-15;0.02590
2010-10-18;0.02520
2010-10-19;0.02500
2010-10-20;0.02510
2010-10-21;0.02570
2010-10-22;0.02590
2010-10-25;0.02590
2010-10-26;0.02670
2010-10-27;0.02750
2010-10-28;0.02690
2010-10-29;0.02630
2010-11-01;0.02660
2010-11-02;0.02630
2010-11-03;0.02670
2010-11-04;0.02530
2010-11-05;0.02580
2010-11-08;0.02600
2010-11-09;0.02720
2010-11-10;0.02650
2010-11-12;0.02760
2010-11-15;0.02920
2010-11-16;0.02850
2010-11-17;0.02890
2010-11-18;0.02900
2010-11-19;0.02880
2010-11-22;0.02800
2010-11-23;0.02770
2010-11-24;0.02930
2010-11-26;0.02870
2010-11-29;0.02840
2010-11-30;0.02810
2010-12-01;0.02970
2010-12-02;0.03010
2010-12-03;0.03030
2010-12-06;0.02950
2010-12-07;0.03150
2010-12-08;0.03260
2010-12-09;0.03230
2010-12-10;0.03320
2010-12-13;0.03290
2010-12-14;0.03490
2010-12-15;0.03530
2010-12-16;0.03470
2010-12-17;0.03330
2010-12-20;0.03360
2010-12-21;0.03350
2010-12-22;0.03360
2010-12-23;0.03410
2010-12-27;0.03360
2010-12-28;0.03500
2010-12-29;0.03350
2010-12-30;0.03380
2010-12-31;0.03300
2011-01-03;0.03360
2011-01-04;0.03360
2011-01-05;0.03500
2011-01-06;0.03440
2011-01-07;0.03340
2011-01-10;0.03320
2011-01-11;0.03370
2011-01-12;0.03400
2011-01-13;0.03340
2011-01-14;0.03350
2011-01-18;0.03390
2011-01-19;0.03370
2011-01-20;0.03470
2011-01-21;0.03440
2011-01-24;0.03430
2011-01-25;0.03350
2011-01-26;0.03450
2011-01-27;0.03420
2011-01-28;0.03360
2011-01-31;0.03420
2011-02-01;0.03480
2011-02-02;0.03520
2011-02-03;0.03580
2011-02-04;0.03680
2011-02-07;0.03680
2011-02-08;0.03750
2011-02-09;0.03650
2011-02-10;0.03700
2011-02-11;0.03640
2011-02-14;0.03620
2011-02-15;0.03610
2011-02-16;0.03620
2011-02-17;0.03580
2011-02-18;0.03590
2011-02-22;0.03460
2011-02-23;0.03490
2011-02-24;0.03460
2011-02-25;0.03420
2011-02-28;0.03420
2011-03-01;0.03410
2011-03-02;0.03460
2011-03-03;0.03580
2011-03-04;0.03490
2011-03-07;0.03510
2011-03-08;0.03560
2011-03-09;0.03480
2011-03-10;0.03370
2011-03-11;0.03400
2011-03-14;0.03360
2011-03-15;0.03330
2011-03-16;0.03220
2011-03-17;0.03250
2011-03-18;0.03280
2011-03-21;0.03340
2011-03-22;0.03340
2011-03-23;0.03360
2011-03-24;0.03420
2011-03-25;0.03460
2011-03-28;0.03470
2011-03-29;0.03500
2011-03-30;0.03470
2011-03-31;0.03470
2011-04-01;0.03460
2011-04-04;0.03450
2011-04-05;0.03500
2011-04-06;0.03560
2011-04-07;0.03580
2011-04-08;0.03590
2011-04-11;0.03590
2011-04-12;0.03520
2011-04-13;0.03490
2011-04-14;0.03510
2011-04-15;0.03430
2011-04-18;0.03400
2011-04-19;0.03390
2011-04-20;0.03430
2011-04-21;0.03420
2011-04-25;0.03390
2011-04-26;0.03340
2011-04-27;0.03390
2011-04-28;0.03340
2011-04-29;0.03320
2011-05-02;0.03310
2011-05-03;0.03280
2011-05-04;0.03250
2011-05-05;0.03180
2011-05-06;0.03190
2011-05-09;0.03170
2011-05-10;0.03230
2011-05-11;0.03190
2011-05-12;0.03220
2011-05-13;0.03180
2011-05-16;0.03150
2011-05-17;0.03120
2011-05-18;0.03180
2011-05-19;0.03170
2011-05-20;0.03150
2011-05-23;0.03130
2011-05-24;0.03120
2011-05-25;0.03130
2011-05-26;0.03070
2011-05-27;0.03070
2011-05-31;0.03050
2011-06-01;0.02960
2011-06-02;0.03040
2011-06-03;0.02990
2011-06-06;0.03010
2011-06-07;0.03010
2011-06-08;0.02980
2011-06-09;0.03010
2011-06-10;0.02990
2011-06-13;0.03000
2011-06-14;0.03110
2011-06-15;0.02980
2011-06-16;0.02930
2011-06-17;0.02940
2011-06-20;0.02970
2011-06-21;0.02990
2011-06-22;0.03010
2011-06-23;0.02930
2011-06-24;0.02880
2011-06-27;0.02950
2011-06-28;0.03050
2011-06-29;0.03140
2011-06-30;0.03180
2011-07-01;0.03220
2011-07-05;0.03160
2011-07-06;0.03120
2011-07-07;0.03170
2011-07-08;0.03030
2011-07-11;0.02940
2011-07-12;0.02920
2011-07-13;0.02920
2011-07-14;0.02980
2011-07-15;0.02940
2011-07-18;0.02940
2011-07-19;0.02910
2011-07-20;0.02960
2011-07-21;0.03030
2011-07-22;0.02990
2011-07-25;0.03030
2011-07-26;0.02990
2011-07-27;0.03010
2011-07-28;0.02980
2011-07-29;0.02820
2011-08-01;0.02770
2011-08-02;0.02660
2011-08-03;0.02640
2011-08-04;0.02470
2011-08-05;0.02580
2011-08-08;0.02400
2011-08-09;0.02200
2011-08-10;0.02170
2011-08-11;0.02340
2011-08-12;0.02240
2011-08-15;0.02290
2011-08-16;0.02230
2011-08-17;0.02170
2011-08-18;0.02080
2011-08-19;0.02070
2011-08-22;0.02100
2011-08-23;0.02150
2011-08-24;0.02290
2011-08-25;0.02230
2011-08-26;0.02190
2011-08-29;0.02280
2011-08-30;0.02190
2011-08-31;0.02230
2011-09-01;0.02150
2011-09-02;0.02020
2011-09-06;0.01980
2011-09-07;0.02050
2011-09-08;0.02000
2011-09-09;0.01930
2011-09-12;0.01940
2011-09-13;0.02000
2011-09-14;0.02030
2011-09-15;0.02090
2011-09-16;0.02080
2011-09-19;0.01970
2011-09-20;0.01950
2011-09-21;0.01880
2011-09-22;0.01720
2011-09-23;0.01840
2011-09-26;0.01910
2011-09-27;0.02000
2011-09-28;0.02030
2011-09-29;0.01990
2011-09-30;0.01920
2011-10-03;0.01800
2011-10-04;0.01810
2011-10-05;0.01920
2011-10-06;0.02010
2011-10-07;0.02100
2011-10-11;0.02180
2011-10-12;0.02240
2011-10-13;0.02190
2011-10-14;0.02260
2011-10-17;0.02180
2011-10-18;0.02190
2011-10-19;0.02180
2011-10-20;0.02200
2011-10-21;0.02230
2011-10-24;0.02250
2011-10-25;0.02140
2011-10-26;0.02230
2011-10-27;0.02420
2011-10-28;0.02340
2011-10-31;0.02170
2011-11-01;0.02010
2011-11-02;0.02030
2011-11-03;0.02090
2011-11-04;0.02060
2011-11-07;0.02040
2011-11-08;0.02100
2011-11-09;0.02000
2011-11-10;0.02040
2011-11-14;0.02040
2011-11-15;0.02060
2011-11-16;0.02010
2011-11-17;0.01960
2011-11-18;0.02010
2011-11-21;0.01970
2011-11-22;0.01940
2011-11-23;0.01890
2011-11-25;0.01970
2011-11-28;0.01970
2011-11-29;0.02000
2011-11-30;0.02080
2011-12-01;0.02110
2011-12-02;0.02050
2011-12-05;0.02040
2011-12-06;0.02080
2011-12-07;0.02020
2011-12-08;0.01990
2011-12-09;0.02070
2011-12-12;0.02030
2011-12-13;0.01960
2011-12-14;0.01920
2011-12-15;0.01920
2011-12-16;0.01860
2011-12-19;0.01820
2011-12-20;0.01940
2011-12-21;0.01980
2011-12-22;0.01970
2011-12-23;0.02030
2011-12-27;0.02020
2011-12-28;0.01930
2011-12-29;0.01910
2011-12-30;0.01890
2012-01-03;0.01970
2012-01-04;0.02000
2012-01-05;0.02020
2012-01-06;0.01980
2012-01-09;0.01980
2012-01-10;0.02000
2012-01-11;0.01930
2012-01-12;0.01940
2012-01-13;0.01890
2012-01-17;0.01870
2012-01-18;0.01920
2012-01-19;0.02010
2012-01-20;0.02050
2012-01-23;0.02090
2012-01-24;0.02080
2012-01-25;0.02010
2012-01-26;0.01960
2012-01-27;0.01930
2012-01-30;0.01870
2012-01-31;0.01830
2012-02-01;0.01870
2012-02-02;0.01860
2012-02-03;0.01970
2012-02-06;0.01930
2012-02-07;0.02000
2012-02-08;0.02010
2012-02-09;0.02040
2012-02-10;0.01960
2012-02-13;0.01990
2012-02-14;0.01920
2012-02-15;0.01930
2012-02-16;0.01990
2012-02-17;0.02010
2012-02-21;0.02050
2012-02-22;0.02010
2012-02-23;0.01990
2012-02-24;0.01980
2012-02-27;0.01920
2012-02-28;0.01940
2012-02-29;0.01980
2012-03-01;0.02030
2012-03-02;0.01990
2012-03-05;0.02000
2012-03-06;0.01960
2012-03-07;0.01980
2012-03-08;0.02030
2012-03-09;0.02040
2012-03-12;0.02040
2012-03-13;0.02140
2012-03-14;0.02290
2012-03-15;0.02290
2012-03-16;0.02310
2012-03-19;0.02390
2012-03-20;0.02380
2012-03-21;0.02310
2012-03-22;0.02290
2012-03-23;0.02250
2012-03-26;0.02260
2012-03-27;0.02200
2012-03-28;0.02210
2012-03-29;0.02180
2012-03-30;0.02230
2012-04-02;0.02220
2012-04-03;0.02300
2012-04-04;0.02250
2012-04-05;0.02190
2012-04-06;0.02070
2012-04-09;0.02060
2012-04-10;0.02010
2012-04-11;0.02050
2012-04-12;0.02080
2012-04-13;0.02020
2012-04-16;0.02000
2012-04-17;0.02030
2012-04-18;0.02000
2012-04-19;0.01980
2012-04-20;0.01990
2012-04-23;0.01960
2012-04-24;0.02000
2012-04-25;0.02010
2012-04-26;0.01980
2012-04-27;0.01960
2012-04-30;0.01950
2012-05-01;0.01980
2012-05-02;0.01960
2012-05-03;0.01960
2012-05-04;0.01910
2012-05-07;0.01920
2012-05-08;0.01880
2012-05-09;0.01870
2012-05-10;0.01890
2012-05-11;0.01840
2012-05-14;0.01780
2012-05-15;0.01760
2012-05-16;0.01760
2012-05-17;0.01700
2012-05-18;0.01710
2012-05-21;0.01750
2012-05-22;0.01790
2012-05-23;0.01730
2012-05-24;0.01770
2012-05-25;0.01750
2012-05-29;0.01740
2012-05-30;0.01630
2012-05-31;0.01590
2012-06-01;0.01470
2012-06-04;0.01530
2012-06-05;0.01570
2012-06-06;0.01660
2012-06-07;0.01660
2012-06-08;0.01650
2012-06-11;0.01600
2012-06-12;0.01670
2012-06-13;0.01610
2012-06-14;0.01640
2012-06-15;0.01600
2012-06-18;0.01590
2012-06-19;0.01640
2012-06-20;0.01650
2012-06-21;0.01630
2012-06-22;0.01690
2012-06-25;0.01630
2012-06-26;0.01660
2012-06-27;0.01650
2012-06-28;0.01600
2012-06-29;0.01670
2012-07-02;0.01610
2012-07-03;0.01650
2012-07-05;0.01620
2012-07-06;0.01570
2012-07-09;0.01530
2012-07-10;0.01530
2012-07-11;0.01540
2012-07-12;0.01500
2012-07-13;0.01520
2012-07-16;0.01500
2012-07-17;0.01530
2012-07-18;0.01520
2012-07-19;0.01540
2012-07-20;0.01490
2012-07-23;0.01470
2012-07-24;0.01440
2012-07-25;0.01430
2012-07-26;0.01450
2012-07-27;0.01580
2012-07-30;0.01530
2012-07-31;0.01510
2012-08-01;0.01560
2012-08-02;0.01510
2012-08-03;0.01600
2012-08-06;0.01590
2012-08-07;0.01660
2012-08-08;0.01680
2012-08-09;0.01690
2012-08-10;0.01650
2012-08-13;0.01650
2012-08-14;0.01730
2012-08-15;0.01800
2012-08-16;0.01830
2012-08-17;0.01810
2012-08-20;0.01820
2012-08-21;0.01800
2012-08-22;0.01710
2012-08-23;0.01680
2012-08-24;0.01680
2012-08-27;0.01650
2012-08-28;0.01640
2012-08-29;0.01660
2012-08-30;0.01630
2012-08-31;0.01570
2012-09-04;0.01590
2012-09-05;0.01600
2012-09-06;0.01680
2012-09-07;0.01670
2012-09-10;0.01680
2012-09-11;0.01700
2012-09-12;0.01770
2012-09-13;0.01750
2012-09-14;0.01880
2012-09-17;0.01850
2012-09-18;0.01820
2012-09-19;0.01790
2012-09-20;0.01800
2012-09-21;0.01770
2012-09-24;0.01740
2012-09-25;0.01700
2012-09-26;0.01640
2012-09-27;0.01660
2012-09-28;0.01650
2012-10-01;0.01640
2012-10-02;0.01640
2012-10-03;0.01640
2012-10-04;0.01700
2012-10-05;0.01750
2012-10-09;0.01740
2012-10-10;0.01720
2012-10-11;0.01700
2012-10-12;0.01690
2012-10-15;0.01700
2012-10-16;0.01750
2012-10-17;0.01830
2012-10-18;0.01860
2012-10-19;0.01790
2012-10-22;0.01830
2012-10-23;0.01790
2012-10-24;0.01800
2012-10-25;0.01860
2012-10-26;0.01780
2012-10-29;0.01740
2012-10-31;0.01720
2012-11-01;0.01750
2012-11-02;0.01750
2012-11-05;0.01720
2012-11-06;0.01780
2012-11-07;0.01680
2012-11-08;0.01620
2012-11-09;0.01610
2012-11-13;0.01590
2012-11-14;0.01590
2012-11-15;0.01580
2012-11-16;0.01580
2012-11-19;0.01610
2012-11-20;0.01660
2012-11-21;0.01690
2012-11-23;0.01700
2012-11-26;0.01660
2012-11-27;0.01640
2012-11-28;0.01630
2012-11-29;0.01620
2012-11-30;0.01620
2012-12-03;0.01630
2012-12-04;0.01620
2012-12-05;0.01600
2012-12-06;0.01590
2012-12-07;0.01640
2012-12-10;0.01630
2012-12-11;0.01660
2012-12-12;0.01720
2012-12-13;0.01740
2012-12-14;0.01720
2012-12-17;0.01780
2012-12-18;0.01840
2012-12-19;0.01820
2012-12-20;0.01810
2012-12-21;0.01770
2012-12-24;0.01790
2012-12-26;0.01770
2012-12-27;0.01740
2012-12-28;0.01730
2012-12-31;0.01780
2013-01-02;0.01860
2013-01-03;0.01920
2013-01-04;0.01930
2013-01-07;0.01920
2013-01-08;0.01890
2013-01-09;0.01880
2013-01-10;0.01910
2013-01-11;0.01890
2013-01-14;0.01890
2013-01-15;0.01860
2013-01-16;0.01840
2013-01-17;0.01890
2013-01-18;0.01870
2013-01-22;0.01860
2013-01-23;0.01860
2013-01-24;0.01880
2013-01-25;0.01980
2013-01-28;0.02000
2013-01-29;0.02030
2013-01-30;0.02030
2013-01-31;0.02020
2013-02-01;0.02040
2013-02-04;0.02000
2013-02-05;0.02040
2013-02-06;0.02000
2013-02-07;0.01990
2013-02-08;0.01990
2013-02-11;0.01990
2013-02-12;0.02020
2013-02-13;0.02050
2013-02-14;0.02000
2013-02-15;0.02010
2013-02-19;0.02030
2013-02-20;0.02020
2013-02-21;0.01990
2013-02-22;0.01970
2013-02-25;0.01880
2013-02-26;0.01880
2013-02-27;0.01910
2013-02-28;0.01890
2013-03-01;0.01860
2013-03-04;0.01880
2013-03-05;0.01900
2013-03-06;0.01950
2013-03-07;0.02000
2013-03-08;0.02060
2013-03-11;0.02070
2013-03-12;0.02030
2013-03-13;0.02040
2013-03-14;0.02040
2013-03-15;0.02010
2013-03-18;0.01960
2013-03-19;0.01920
2013-03-20;0.01960
2013-03-21;0.01950
2013-03-22;0.01930
2013-03-25;0.01930
2013-03-26;0.01920
2013-03-27;0.01870
2013-03-28;0.01870
2013-04-01;0.01860
2013-04-02;0.01880
2013-04-03;0.01830
2013-04-04;0.01780
2013-04-05;0.01720
2013-04-08;0.01760
2013-04-09;0.01780
2013-04-10;0.01840
2013-04-11;0.01820
2013-04-12;0.01750
2013-04-15;0.01720
2013-04-16;0.01750
2013-04-17;0.01730
2013-04-18;0.01720
2013-04-19;0.01730
2013-04-22;0.01720
2013-04-23;0.01740
2013-04-24;0.01730
2013-04-25;0.01740
2013-04-26;0.01700
2013-04-29;0.01700
2013-04-30;0.01700
2013-05-01;0.01660
2013-05-02;0.01660
2013-05-03;0.01780
2013-05-06;0.01800
2013-05-07;0.01820
2013-05-08;0.01810
2013-05-09;0.01810
2013-05-10;0.01900
2013-05-13;0.01920
2013-05-14;0.01960
2013-05-15;0.01940
2013-05-16;0.01870
2013-05-17;0.01950
2013-05-20;0.01970
2013-05-21;0.01940
2013-05-22;0.02030
2013-05-23;0.02020
2013-05-24;0.02010
2013-05-28;0.02150
2013-05-29;0.02130
2013-05-30;0.02130
2013-05-31;0.02160
2013-06-03;0.02130
2013-06-04;0.02140
2013-06-05;0.02100
2013-06-06;0.02080
2013-06-07;0.02170
2013-06-10;0.02220
2013-06-11;0.02200
2013-06-12;0.02250
2013-06-13;0.02190
2013-06-14;0.02140
2013-06-17;0.02190
2013-06-18;0.02200
2013-06-19;0.02330
2013-06-20;0.02410
2013-06-21;0.02520
2013-06-24;0.02570
2013-06-25;0.02600
2013-06-26;0.02550
2013-06-27;0.02490
2013-06-28;0.02520
2013-07-01;0.02500
2013-07-02;0.02480
2013-07-03;0.02520
2013-07-05;0.02730
2013-07-08;0.02650
2013-07-09;0.02650
2013-07-10;0.02700
2013-07-11;0.02600
2013-07-12;0.02610
2013-07-15;0.02570
2013-07-16;0.02550
2013-07-17;0.02520
2013-07-18;0.02560
2013-07-19;0.02500
2013-07-22;0.02500
2013-07-23;0.02530
2013-07-24;0.02610
2013-07-25;0.02610
2013-07-26;0.02580
2013-07-29;0.02610
2013-07-30;0.02630
2013-07-31;0.02600
2013-08-01;0.02740
2013-08-02;0.02630
2013-08-05;0.02670
2013-08-06;0.02670
2013-08-07;0.02610
2013-08-08;0.02580
2013-08-09;0.02570
2013-08-12;0.02610
2013-08-13;0.02710
2013-08-14;0.02710
2013-08-15;0.02770
2013-08-16;0.02840
2013-08-19;0.02880
2013-08-20;0.02820
2013-08-21;0.02870
2013-08-22;0.02900
2013-08-23;0.02820
2013-08-26;0.02790
2013-08-27;0.02720
2013-08-28;0.02780
2013-08-29;0.02750
2013-08-30;0.02780
2013-09-03;0.02860
2013-09-04;0.02900
2013-09-05;0.02980
2013-09-06;0.02940
2013-09-09;0.02900
2013-09-10;0.02960
2013-09-11;0.02930
2013-09-12;0.02920
2013-09-13;0.02900
2013-09-16;0.02880
2013-09-17;0.02860
2013-09-18;0.02690
2013-09-19;0.02760
2013-09-20;0.02750
2013-09-23;0.02720
2013-09-24;0.02670
2013-09-25;0.02630
2013-09-26;0.02660
2013-09-27;0.02640
2013-09-30;0.02640
2013-10-01;0.02660
2013-10-02;0.02630
2013-10-03;0.02620
2013-10-04;0.02660
2013-10-07;0.02650
2013-10-08;0.02660
2013-10-09;0.02680
2013-10-10;0.02710
2013-10-11;0.02700
2013-10-15;0.02750
2013-10-16;0.02690
2013-10-17;0.02610
2013-10-18;0.02600
2013-10-21;0.02630
2013-10-22;0.02540
2013-10-23;0.02510
2013-10-24;0.02530
2013-10-25;0.02530
2013-10-28;0.02540
2013-10-29;0.02530
2013-10-30;0.02550
2013-10-31;0.02570
2013-11-01;0.02650
2013-11-04;0.02630
2013-11-05;0.02690
2013-11-06;0.02670
2013-11-07;0.02630
2013-11-08;0.02770
2013-11-12;0.02800
2013-11-13;0.02750
2013-11-14;0.02690
2013-11-15;0.02710
2013-11-18;0.02670
2013-11-19;0.02710
2013-11-20;0.02800
2013-11-21;0.02790
2013-11-22;0.02750
2013-11-25;0.02740
2013-11-26;0.02710
2013-11-27;0.02740
2013-11-29;0.02750
2013-12-02;0.02810
2013-12-03;0.02790
2013-12-04;0.02840
2013-12-05;0.02880
2013-12-06;0.02880
2013-12-09;0.02860
2013-12-10;0.02810
2013-12-11;0.02860
2013-12-12;0.02890
2013-12-13;0.02880
2013-12-16;0.02890
2013-12-17;0.02850
2013-12-18;0.02890
2013-12-19;0.02940
2013-12-20;0.02890
2013-12-23;0.02940
2013-12-24;0.02990
2013-12-26;0.03000
2013-12-27;0.03020
2013-12-30;0.02990
2013-12-31;0.03040
2014-01-02;0.03000
2014-01-03;0.03010
2014-01-06;0.02980
2014-01-07;0.02960
2014-01-08;0.03010
2014-01-09;0.02970
2014-01-10;0.02880
2014-01-13;0.02840
2014-01-14;0.02880
2014-01-15;0.02900
2014-01-16;0.02860
2014-01-17;0.02840
2014-01-21;0.02850
2014-01-22;0.02870
2014-01-23;0.02790
2014-01-24;0.02750
2014-01-27;0.02780
2014-01-28;0.02770
2014-01-29;0.02690
2014-01-30;0.02720
2014-01-31;0.02670
2014-02-03;0.02610
2014-02-04;0.02640
2014-02-05;0.02700
2014-02-06;0.02730
2014-02-07;0.02710
2014-02-10;0.02700
2014-02-11;0.02750
2014-02-12;0.02800
2014-02-13;0.02730
2014-02-14;0.02750
2014-02-18;0.02710
2014-02-19;0.02730
2014-02-20;0.02760
2014-02-21;0.02730
2014-02-24;0.02750
2014-02-25;0.02700
2014-02-26;0.02670
2014-02-27;0.02650
2014-02-28;0.02660
2014-03-03;0.02600
2014-03-04;0.02700
2014-03-05;0.02700
2014-03-06;0.02740
2014-03-07;0.02800
2014-03-10;0.02790
2014-03-11;0.02770
2014-03-12;0.02730
2014-03-13;0.02660
2014-03-14;0.02650
2014-03-17;0.02700
2014-03-18;0.02680
2014-03-19;0.02780
2014-03-20;0.02790
2014-03-21;0.02750
2014-03-24;0.02740
2014-03-25;0.02750
2014-03-26;0.02710
2014-03-27;0.02690
2014-03-28;0.02730
2014-03-31;0.02730
2014-04-01;0.02770
2014-04-02;0.02820
2014-04-03;0.02800
2014-04-04;0.02740
2014-04-07;0.02710
2014-04-08;0.02690
2014-04-09;0.02710
2014-04-10;0.02650
2014-04-11;0.02630
2014-04-14;0.02650
2014-04-15;0.02640
2014-04-16;0.02650
2014-04-17;0.02730
2014-04-21;0.02730
2014-04-22;0.02730
2014-04-23;0.02700
2014-04-24;0.02700
2014-04-25;0.02680
2014-04-28;0.02700
2014-04-29;0.02710
2014-04-30;0.02670
2014-05-01;0.02630
2014-05-02;0.02600
2014-05-05;0.02630
2014-05-06;0.02610
2014-05-07;0.02620
2014-05-08;0.02610
2014-05-09;0.02620
2014-05-12;0.02660
2014-05-13;0.02610
2014-05-14;0.02540
2014-05-15;0.02500
2014-05-16;0.02520
2014-05-19;0.02540
2014-05-20;0.02520
2014-05-21;0.02540
2014-05-22;0.02560
2014-05-23;0.02540
2014-05-27;0.02520
2014-05-28;0.02440
2014-05-29;0.02450
2014-05-30;0.02480
2014-06-02;0.02540
2014-06-03;0.02600
2014-06-04;0.02610
2014-06-05;0.02590
2014-06-06;0.02600
2014-06-09;0.02620
2014-06-10;0.02640
2014-06-11;0.02650
2014-06-12;0.02580
2014-06-13;0.02600
2014-06-16;0.02610
2014-06-17;0.02660
2014-06-18;0.02610
2014-06-19;0.02640
2014-06-20;0.02630
2014-06-23;0.02630
2014-06-24;0.02590
2014-06-25;0.02570
2014-06-26;0.02530
2014-06-27;0.02540
2014-06-30;0.02530
2014-07-01;0.02580
2014-07-02;0.02640
2014-07-03;0.02650
2014-07-07;0.02630
2014-07-08;0.02580
2014-07-09;0.02570
2014-07-10;0.02550
2014-07-11;0.02530
2014-07-14;0.02550
2014-07-15;0.02560
2014-07-16;0.02550
2014-07-17;0.02470
2014-07-18;0.02500
2014-07-21;0.02490
2014-07-22;0.02480
2014-07-23;0.02480
2014-07-24;0.02520
2014-07-25;0.02480
2014-07-28;0.02500
2014-07-29;0.02470
2014-07-30;0.02570
2014-07-31;0.02580
2014-08-01;0.02520
2014-08-04;0.02510
2014-08-05;0.02490
2014-08-06;0.02490
2014-08-07;0.02430
2014-08-08;0.02440
2014-08-11;0.02440
2014-08-12;0.02460
2014-08-13;0.02430
2014-08-14;0.02400
2014-08-15;0.02340
2014-08-18;0.02390
2014-08-19;0.02400
2014-08-20;0.02430
2014-08-21;0.02410
2014-08-22;0.02400
2014-08-25;0.02390
2014-08-26;0.02390
2014-08-27;0.02370
2014-08-28;0.02340
2014-08-29;0.02350
2014-09-02;0.02420
2014-09-03;0.02410
2014-09-04;0.02450
2014-09-05;0.02460
2014-09-08;0.02480
2014-09-09;0.02500
2014-09-10;0.02540
2014-09-11;0.02540
2014-09-12;0.02620
2014-09-15;0.02600
2014-09-16;0.02600
2014-09-17;0.02620
2014-09-18;0.02630
2014-09-19;0.02590
2014-09-22;0.02570
2014-09-23;0.02540
2014-09-24;0.02570
2014-09-25;0.02520
2014-09-26;0.02540
2014-09-29;0.02500
2014-09-30;0.02520
2014-10-01;0.02420
2014-10-02;0.02440
2014-10-03;0.02450
2014-10-06;0.02430
2014-10-07;0.02360
2014-10-08;0.02350
2014-10-09;0.02340
2014-10-10;0.02310
2014-10-14;0.02210
2014-10-15;0.02150
2014-10-16;0.02170
2014-10-17;0.02220
2014-10-20;0.02200
2014-10-21;0.02230
2014-10-22;0.02250
2014-10-23;0.02290
2014-10-24;0.02290
2014-10-27;0.02270
2014-10-28;0.02300
2014-10-29;0.02340
2014-10-30;0.02320
2014-10-31;0.02350
2014-11-03;0.02360
2014-11-04;0.02350
2014-11-05;0.02360
2014-11-06;0.02390
2014-11-07;0.02320
2014-11-10;0.02380
2014-11-12;0.02370
2014-11-13;0.02350
2014-11-14;0.02320
2014-11-17;0.02340
2014-11-18;0.02320
2014-11-19;0.02360
2014-11-20;0.02340
2014-11-21;0.02310
2014-11-24;0.02300
2014-11-25;0.02270
2014-11-26;0.02240
2014-11-28;0.02180
2014-12-01;0.02220
2014-12-02;0.02280
2014-12-03;0.02290
2014-12-04;0.02250
2014-12-05;0.02310
2014-12-08;0.02260
2014-12-09;0.02220
2014-12-10;0.02180
2014-12-11;0.02190
2014-12-12;0.02100
2014-12-15;0.02120
2014-12-16;0.02070
2014-12-17;0.02140
2014-12-18;0.02220
2014-12-19;0.02170
2014-12-22;0.02170
2014-12-23;0.02260
2014-12-24;0.02270
2014-12-26;0.02250
2014-12-29;0.02220
2014-12-30;0.02200
2014-12-31;0.02170
2015-01-02;0.02120
2015-01-05;0.02040
2015-01-06;0.01970
2015-01-07;0.01960
2015-01-08;0.02030
2015-01-09;0.01980
2015-01-12;0.01920
2015-01-13;0.01910
2015-01-14;0.01860
2015-01-15;0.01770
2015-01-16;0.01830
2015-01-20;0.01820
2015-01-21;0.01870
2015-01-22;0.01900
2015-01-23;0.01810
2015-01-26;0.01830
2015-01-27;0.01830
2015-01-28;0.01730
2015-01-29;0.01770
2015-01-30;0.01680
2015-02-02;0.01680
2015-02-03;0.01790
2015-02-04;0.01810
2015-02-05;0.01830
2015-02-06;0.01950
2015-02-09;0.01960
2015-02-10;0.02010
2015-02-11;0.02000
2015-02-12;0.01990
2015-02-13;0.02020
2015-02-17;0.02140
2015-02-18;0.02070
2015-02-19;0.02110
2015-02-20;0.02130
2015-02-23;0.02060
2015-02-24;0.01990
2015-02-25;0.01960
2015-02-26;0.02030
2015-02-27;0.02000
2015-03-02;0.02080
2015-03-03;0.02120
2015-03-04;0.02120
2015-03-05;0.02110
2015-03-06;0.02240
2015-03-09;0.02200
2015-03-10;0.02140
2015-03-11;0.02110
2015-03-12;0.02100
2015-03-13;0.02130
2015-03-16;0.02100
2015-03-17;0.02060
2015-03-18;0.01930
2015-03-19;0.01980
2015-03-20;0.01930
2015-03-23;0.01920
2015-03-24;0.01880
2015-03-25;0.01930
2015-03-26;0.02010
2015-03-27;0.01950
2015-03-30;0.01960
2015-03-31;0.01940
2015-04-01;0.01870
2015-04-02;0.01920
2015-04-03;0.01850
2015-04-06;0.01920
2015-04-07;0.01890
2015-04-08;0.01920
2015-04-09;0.01970
2015-04-10;0.01960
2015-04-13;0.01940
2015-04-14;0.01900
2015-04-15;0.01910
2015-04-16;0.01900
2015-04-17;0.01870
2015-04-20;0.01900
2015-04-21;0.01920
2015-04-22;0.01990
2015-04-23;0.01960
2015-04-24;0.01930
2015-04-27;0.01940
2015-04-28;0.02000
2015-04-29;0.02060
2015-04-30;0.02050
2015-05-01;0.02120
2015-05-04;0.02160
2015-05-05;0.02190
2015-05-06;0.02250
2015-05-07;0.02180
2015-05-08;0.02160
2015-05-11;0.02280
2015-05-12;0.02280
2015-05-13;0.02270
2015-05-14;0.02230
2015-05-15;0.02140
2015-05-18;0.02230
2015-05-19;0.02270
2015-05-20;0.02260
2015-05-21;0.02190
2015-05-22;0.02210
2015-05-26;0.02140
2015-05-27;0.02140
2015-05-28;0.02130
2015-05-29;0.02120
2015-06-01;0.02190
2015-06-02;0.02270
2015-06-03;0.02380
2015-06-04;0.02310
2015-06-05;0.02410
2015-06-08;0.02390
2015-06-09;0.02420
2015-06-10;0.02500
2015-06-11;0.02390
2015-06-12;0.02390
2015-06-15;0.02360
2015-06-16;0.02320
2015-06-17;0.02320
2015-06-18;0.02350
2015-06-19;0.02260
2015-06-22;0.02370
2015-06-23;0.02420
2015-06-24;0.02380
2015-06-25;0.02400
2015-06-26;0.02490
2015-06-29;0.02330
2015-06-30;0.02350
2015-07-01;0.02430
2015-07-02;0.02400
2015-07-06;0.02300
2015-07-07;0.02270
2015-07-08;0.02220
2015-07-09;0.02320
2015-07-10;0.02420
2015-07-13;0.02440
2015-07-14;0.02410
2015-07-15;0.02360
2015-07-16;0.02360
2015-07-17;0.02340
2015-07-20;0.02380
2015-07-21;0.02350
2015-07-22;0.02330
2015-07-23;0.02280
2015-07-24;0.02270
2015-07-27;0.02230
2015-07-28;0.02260
2015-07-29;0.02290
2015-07-30;0.02280
2015-07-31;0.02200
2015-08-03;0.02160
2015-08-04;0.02230
2015-08-05;0.02280
2015-08-06;0.02230
2015-08-07;0.02180
2015-08-10;0.02240
2015-08-11;0.02150
2015-08-12;0.02140
2015-08-13;0.02190
2015-08-14;0.02200
2015-08-17;0.02160
2015-08-18;0.02200
2015-08-19;0.02120
2015-08-20;0.02090
2015-08-21;0.02050
2015-08-24;0.02010
2015-08-25;0.02120
2015-08-26;0.02180
2015-08-27;0.02180
2015-08-28;0.02190
2015-08-31;0.02210
2015-09-01;0.02170
2015-09-02;0.02200
2015-09-03;0.02180
2015-09-04;0.02130
2015-09-08;0.02200
2015-09-09;0.02210
2015-09-10;0.02230
2015-09-11;0.02200
2015-09-14;0.02180
2015-09-15;0.02280
2015-09-16;0.02300
2015-09-17;0.02210
2015-09-18;0.02130
2015-09-21;0.02200
2015-09-22;0.02140
2015-09-23;0.02160
2015-09-24;0.02130
2015-09-25;0.02170
2015-09-28;0.02100
2015-09-29;0.02050
2015-09-30;0.02060
2015-10-01;0.02050
2015-10-02;0.01990
2015-10-05;0.02070
2015-10-06;0.02050
2015-10-07;0.02080
2015-10-08;0.02120
2015-10-09;0.02120
2015-10-13;0.02060
2015-10-14;0.01990
2015-10-15;0.02040
2015-10-16;0.02040
2015-10-19;0.02040
2015-10-20;0.02080
2015-10-21;0.02040
2015-10-22;0.02040
2015-10-23;0.02090
2015-10-26;0.02070
2015-10-27;0.02050
2015-10-28;0.02100
2015-10-29;0.02190
2015-10-30;0.02160
2015-11-02;0.02200
2015-11-03;0.02230
2015-11-04;0.02250
2015-11-05;0.02260
2015-11-06;0.02340
2015-11-09;0.02360
2015-11-10;0.02320
2015-11-12;0.02320
2015-11-13;0.02280
2015-11-16;0.02270
2015-11-17;0.02250
2015-11-18;0.02270
2015-11-19;0.02240
2015-11-20;0.02260
2015-11-23;0.02250
2015-11-24;0.02240
2015-11-25;0.02230
2015-11-27;0.02220
2015-11-30;0.02210
2015-12-01;0.02150
2015-12-02;0.02180
2015-12-03;0.02330
2015-12-04;0.02280
2015-12-07;0.02230
2015-12-08;0.02240
2015-12-09;0.02220
2015-12-10;0.02240
2015-12-11;0.02130
2015-12-14;0.02230
2015-12-15;0.02280
2015-12-16;0.02300
2015-12-17;0.02240
2015-12-18;0.02190
2015-12-21;0.02200
2015-12-22;0.02240
2015-12-23;0.02270
2015-12-24;0.02250
2015-12-28;0.02240
2015-12-29;0.02320
2015-12-30;0.02310
2015-12-31;0.02270
2016-01-04;0.02240
2016-01-05;0.02250
2016-01-06;0.02180
2016-01-07;0.02160
2016-01-08;0.02130
2016-01-11;0.02170
2016-01-12;0.02120
2016-01-13;0.02080
2016-01-14;0.02100
2016-01-15;0.02030
2016-01-19;0.02060
2016-01-20;0.02010
2016-01-21;0.02020
2016-01-22;0.02070
2016-01-25;0.02030
2016-01-26;0.02010
2016-01-27;0.02020
2016-01-28;0.02000
2016-01-29;0.01940
2016-02-01;0.01970
2016-02-02;0.01870
2016-02-03;0.01880
2016-02-04;0.01870
2016-02-05;0.01860
2016-02-08;0.01750
2016-02-09;0.01740
2016-02-10;0.01710
2016-02-11;0.01630
2016-02-12;0.01740
2016-02-16;0.01780
2016-02-17;0.01810
2016-02-18;0.01750
2016-02-19;0.01760
2016-02-22;0.01770
2016-02-23;0.01740
2016-02-24;0.01750
2016-02-25;0.01710
2016-02-26;0.01760
2016-02-29;0.01740
2016-03-01;0.01830
2016-03-02;0.01840
2016-03-03;0.01830
2016-03-04;0.01880
2016-03-07;0.01910
2016-03-08;0.01830
2016-03-09;0.01900
2016-03-10;0.01930
2016-03-11;0.01980
2016-03-14;0.01970
2016-03-15;0.01970
2016-03-16;0.01940
2016-03-17;0.01910
2016-03-18;0.01880
2016-03-21;0.01920
2016-03-22;0.01940
2016-03-23;0.01880
2016-03-24;0.01910
2016-03-28;0.01890
2016-03-29;0.01810
2016-03-30;0.01830
2016-03-31;0.01780
2016-04-01;0.01790
2016-04-04;0.01780
2016-04-05;0.01730
2016-04-06;0.01760
2016-04-07;0.01700
2016-04-08;0.01720
2016-04-11;0.01730
2016-04-12;0.01790
2016-04-13;0.01770
2016-04-14;0.01800
2016-04-15;0.01760
2016-04-18;0.01780
2016-04-19;0.01790
2016-04-20;0.01850
2016-04-21;0.01880
2016-04-22;0.01890
2016-04-25;0.01910
2016-04-26;0.01940
2016-04-27;0.01870
2016-04-28;0.01840
2016-04-29;0.01830
2016-05-02;0.01880
2016-05-03;0.01810
2016-05-04;0.01790
2016-05-05;0.01760
2016-05-06;0.01790
2016-05-09;0.01770
2016-05-10;0.01770
2016-05-11;0.01730
2016-05-12;0.01750
2016-05-13;0.01710
2016-05-16;0.01750
2016-05-17;0.01760
2016-05-18;0.01870
2016-05-19;0.01850
2016-05-20;0.01850
2016-05-23;0.01840
2016-05-24;0.01860
2016-05-25;0.01870
2016-05-26;0.01830
2016-05-27;0.01850
2016-05-31;0.01840
2016-06-01;0.01850
2016-06-02;0.01810
2016-06-03;0.01710
2016-06-06;0.01730
2016-06-07;0.01720
2016-06-08;0.01710
2016-06-09;0.01680
2016-06-10;0.01640
2016-06-13;0.01620
2016-06-14;0.01620
2016-06-15;0.01600
2016-06-16;0.01570
2016-06-17;0.01620
2016-06-20;0.01670
2016-06-21;0.01710
2016-06-22;0.01690
2016-06-23;0.01740
2016-06-24;0.01570
2016-06-27;0.01460
2016-06-28;0.01460
2016-06-29;0.01500
2016-06-30;0.01490
2016-07-01;0.01460
2016-07-05;0.01370
2016-07-06;0.01380
2016-07-07;0.01400
2016-07-08;0.01370
2016-07-11;0.01430
2016-07-12;0.01530
2016-07-13;0.01480
2016-07-14;0.01530
2016-07-15;0.01600
2016-07-18;0.01590
2016-07-19;0.01560
2016-07-20;0.01590
2016-07-21;0.01570
2016-07-22;0.01570
2016-07-25;0.01580
2016-07-26;0.01570
2016-07-27;0.01520
2016-07-28;0.01520
2016-07-29;0.01460
2016-08-01;0.01510
2016-08-02;0.01550
2016-08-03;0.01550
2016-08-04;0.01510
2016-08-05;0.01590
2016-08-08;0.01590
2016-08-09;0.01550
2016-08-10;0.01500
2016-08-11;0.01570
2016-08-12;0.01510
2016-08-15;0.01550
2016-08-16;0.01570
2016-08-17;0.01560
2016-08-18;0.01530
2016-08-19;0.01580
2016-08-22;0.01550
2016-08-23;0.01550
2016-08-24;0.01560
2016-08-25;0.01580
2016-08-26;0.01620
2016-08-29;0.01570
2016-08-30;0.01570
2016-08-31;0.01580
2016-09-01;0.01570
2016-09-02;0.01600
2016-09-06;0.01550
2016-09-07;0.01540
2016-09-08;0.01610
2016-09-09;0.01670
2016-09-12;0.01680
2016-09-13;0.01730
2016-09-14;0.01700
2016-09-15;0.01710
2016-09-16;0.01700
2016-09-19;0.01700
2016-09-20;0.01690
2016-09-21;0.01660
2016-09-22;0.01630
2016-09-23;0.01620
2016-09-26;0.01590
2016-09-27;0.01560
2016-09-28;0.01570
2016-09-29;0.01560
2016-09-30;0.01600
2016-10-03;0.01630
2016-10-04;0.01690
2016-10-05;0.01720
2016-10-06;0.01750
2016-10-07;0.01730
2016-10-11;0.01770
2016-10-12;0.01790
2016-10-13;0.01750
2016-10-14;0.01800
2016-10-17;0.01770
2016-10-18;0.01750
2016-10-19;0.01760
2016-10-20;0.01760
2016-10-21;0.01740
2016-10-24;0.01770
2016-10-25;0.01770
2016-10-26;0.01790
2016-10-27;0.01850
2016-10-28;0.01860
2016-10-31;0.01840
2016-11-01;0.01830
2016-11-02;0.01810
2016-11-03;0.01820
2016-11-04;0.01790
2016-11-07;0.01830
2016-11-08;0.01880
2016-11-09;0.02070
2016-11-10;0.02150
2016-11-14;0.02230
2016-11-15;0.02230
2016-11-16;0.02220
2016-11-17;0.02290
2016-11-18;0.02340
2016-11-21;0.02330
2016-11-22;0.02310
2016-11-23;0.02360
2016-11-25;0.02360
2016-11-28;0.02320
2016-11-29;0.02300
2016-11-30;0.02370
2016-12-01;0.02450
2016-12-02;0.02400
2016-12-05;0.02390
2016-12-06;0.02390
2016-12-07;0.02340
2016-12-08;0.02400
2016-12-09;0.02470
2016-12-12;0.02490
2016-12-13;0.02480
2016-12-14;0.02540
2016-12-15;0.02600
2016-12-16;0.02600
2016-12-19;0.02540
2016-12-20;0.02570
2016-12-21;0.02550
2016-12-22;0.02550
2016-12-23;0.02550
2016-12-27;0.02570
2016-12-28;0.02510
2016-12-29;0.02490
2016-12-30;0.02450
2017-01-03;0.02450
2017-01-04;0.02460
2017-01-05;0.02370
2017-01-06;0.02420
2017-01-09;0.02380
2017-01-10;0.02380
2017-01-11;0.02380
2017-01-12;0.02360
2017-01-13;0.02400
2017-01-17;0.02330
2017-01-18;0.02420
2017-01-19;0.02470
2017-01-20;0.02480
2017-01-23;0.02410
2017-01-24;0.02470
2017-01-25;0.02530
2017-01-26;0.02510
2017-01-27;0.02490
2017-01-30;0.02490
2017-01-31;0.02450
2017-02-01;0.02480
2017-02-02;0.02480
2017-02-03;0.02490
2017-02-06;0.02420
2017-02-07;0.02400
2017-02-08;0.02340
2017-02-09;0.02400
2017-02-10;0.02410
2017-02-13;0.02430
2017-02-14;0.02470
2017-02-15;0.02510
2017-02-16;0.02450
2017-02-17;0.02420
2017-02-21;0.02430
2017-02-22;0.02420
2017-02-23;0.02380
2017-02-24;0.02310
2017-02-27;0.02360
2017-02-28;0.02360
2017-03-01;0.02460
2017-03-02;0.02490
2017-03-03;0.02490
2017-03-06;0.02490
2017-03-07;0.02520
2017-03-08;0.02570
2017-03-09;0.02600
2017-03-10;0.02580
2017-03-13;0.02620
2017-03-14;0.02600
2017-03-15;0.02510
2017-03-16;0.02530
2017-03-17;0.02500
2017-03-20;0.02470
2017-03-21;0.02430
2017-03-22;0.02400
2017-03-23;0.02410
2017-03-24;0.02400
2017-03-27;0.02380
2017-03-28;0.02420
2017-03-29;0.02390
2017-03-30;0.02420
2017-03-31;0.02400
2017-04-03;0.02350
2017-04-04;0.02360
2017-04-05;0.02340
2017-04-06;0.02340
2017-04-07;0.02380
2017-04-10;0.02370
2017-04-11;0.02320
2017-04-12;0.02280
2017-04-13;0.02240
2017-04-17;0.02260
2017-04-18;0.02180
2017-04-19;0.02210
2017-04-20;0.02240
2017-04-21;0.02240
2017-04-24;0.02280
2017-04-25;0.02350
2017-04-26;0.02320
2017-04-27;0.02300
2017-04-28;0.02290
2017-05-01;0.02330
2017-05-02;0.02290
2017-05-03;0.02330
2017-05-04;0.02360
2017-05-05;0.02360
2017-05-08;0.02390
2017-05-09;0.02420
2017-05-10;0.02410
2017-05-11;0.02390
2017-05-12;0.02330
2017-05-15;0.02340
2017-05-16;0.02330
2017-05-17;0.02220
2017-05-18;0.02230
2017-05-19;0.02230
2017-05-22;0.02250
2017-05-23;0.02290
2017-05-24;0.02260
2017-05-25;0.02250
2017-05-26;0.02250
2017-05-30;0.02210
2017-05-31;0.02210
2017-06-01;0.02210
2017-06-02;0.02150
2017-06-05;0.02180
2017-06-06;0.02140
2017-06-07;0.02180
2017-06-08;0.02190
2017-06-09;0.02210
2017-06-12;0.02210
2017-06-13;0.02210
2017-06-14;0.02150
2017-06-15;0.02160
2017-06-16;0.02160
2017-06-19;0.02190
2017-06-20;0.02160
2017-06-21;0.02160
2017-06-22;0.02150
2017-06-23;0.02150
2017-06-26;0.02140
2017-06-27;0.02210
2017-06-28;0.02220
2017-06-29;0.02270
2017-06-30;0.02310
2017-07-03;0.02350
2017-07-05;0.02330
2017-07-06;0.02370
2017-07-07;0.02390
2017-07-10;0.02380
2017-07-11;0.02370
2017-07-12;0.02330
2017-07-13;0.02350
2017-07-14;0.02330
2017-07-17;0.02310
2017-07-18;0.02270
2017-07-19;0.02270
2017-07-20;0.02270
2017-07-21;0.02240
2017-07-24;0.02260
2017-07-25;0.02330
2017-07-26;0.02290
2017-07-27;0.02320
2017-07-28;0.02300
2017-07-31;0.02300
2017-08-01;0.02260
2017-08-02;0.02270
2017-08-03;0.02240
2017-08-04;0.02270
2017-08-07;0.02260
2017-08-08;0.02290
2017-08-09;0.02240
2017-08-10;0.02200
2017-08-11;0.02190
2017-08-14;0.02220
2017-08-15;0.02270
2017-08-16;0.02230
2017-08-17;0.02190
2017-08-18;0.02190
2017-08-21;0.02180
2017-08-22;0.02220
2017-08-23;0.02170
2017-08-24;0.02190
2017-08-25;0.02170
2017-08-28;0.02160
2017-08-29;0.02130
2017-08-30;0.02150
2017-08-31;0.02120
2017-09-01;0.02160
2017-09-05;0.02070
2017-09-06;0.02100
2017-09-07;0.02050
2017-09-08;0.02060
2017-09-11;0.02140
2017-09-12;0.02170
2017-09-13;0.02200
2017-09-14;0.02200
2017-09-15;0.02200
2017-09-18;0.02230
2017-09-19;0.02240
2017-09-20;0.02280
2017-09-21;0.02270
2017-09-22;0.02260
2017-09-25;0.02220
2017-09-26;0.02240
2017-09-27;0.02310
2017-09-28;0.02310
2017-09-29;0.02330
2017-10-02;0.02340
2017-10-03;0.02330
2017-10-04;0.02330
2017-10-05;0.02350
2017-10-06;0.02370
2017-10-10;0.02350
2017-10-11;0.02350
2017-10-12;0.02330
2017-10-13;0.02280
2017-10-16;0.02300
2017-10-17;0.02300
2017-10-18;0.02340
2017-10-19;0.02330
2017-10-20;0.02390
2017-10-23;0.02380
2017-10-24;0.02420
2017-10-25;0.02440
2017-10-26;0.02460
2017-10-27;0.02420
2017-10-30;0.02370
2017-10-31;0.02380
2017-11-01;0.02370
2017-11-02;0.02350
2017-11-03;0.02340
2017-11-06;0.02320
2017-11-07;0.02320
2017-11-08;0.02320
2017-11-09;0.02330
2017-11-10;0.02400
2017-11-13;0.02400
2017-11-14;0.02380
2017-11-15;0.02330
2017-11-16;0.02370
2017-11-17;0.02350
2017-11-20;0.02370
2017-11-21;0.02360
2017-11-22;0.02320
2017-11-24;0.02340
2017-11-27;0.02320
2017-11-28;0.02340
2017-11-29;0.02370
2017-11-30;0.02420
2017-12-01;0.02370
2017-12-04;0.02370
2017-12-05;0.02360
2017-12-06;0.02330
2017-12-07;0.02370
2017-12-08;0.02380
2017-12-11;0.02390
2017-12-12;0.02400
2017-12-13;0.02360
2017-12-14;0.02350
2017-12-15;0.02350
2017-12-18;0.02390
2017-12-19;0.02460
2017-12-20;0.02490
2017-12-21;0.02480
2017-12-22;0.02480
2017-12-26;0.02470
2017-12-27;0.02420
2017-12-28;0.02430
2017-12-29;0.02400
2018-01-02;0.02460
2018-01-03;0.02440
2018-01-04;0.02460
2018-01-05;0.02470
2018-01-08;0.02490
2018-01-09;0.02550
2018-01-10;0.02550
2018-01-11;0.02540
2018-01-12;0.02550
2018-01-16;0.02540
2018-01-17;0.02570
2018-01-18;0.02620
2018-01-19;0.02640
